CLASSE;SAISON;ANNEE;VALEUR
Artificialise;DJF;2001;0,5031
Artificialise;DJF;2002;0,5074
Artificialise;DJF;2003;0,4622
Artificialise;DJF;2004;0,499
Artificialise;DJF;2005;0,4848
Artificialise;DJF;2006;0,4741
Artificialise;DJF;2007;0,5392
Artificialise;DJF;2008;0,486
Artificialise;DJF;2009;0,4634
Artificialise;DJF;2010;0,4879
Artificialise;DJF;2011;0,4668
Artificialise;DJF;2012;0,4947
Artificialise;DJF;2013;0,5066
Artificialise;DJF;2014;0,5412
Artificialise;DJF;2015;0,5366
Artificialise;DJF;2016;0,5738
Artificialise;DJF;2017;0,5052
Artificialise;DJF;2018;0,5341
Artificialise;DJF;2019;0,5184
Artificialise;DJF;2020;0,543
Artificialise;DJF;2021;0,5324
Artificialise;DJF;2022;0,5404
Artificialise;DJF;2023;0,5485
Artificialise;DJF;2024;0,5312
Artificialise;JJA;2001;0,6307
Artificialise;JJA;2002;0,6429
Artificialise;JJA;2003;0,6201
Artificialise;JJA;2004;0,6387
Artificialise;JJA;2005;0,628
Artificialise;JJA;2006;0,606
Artificialise;JJA;2007;0,6447
Artificialise;JJA;2008;0,6324
Artificialise;JJA;2009;0,6297
Artificialise;JJA;2010;0,6022
Artificialise;JJA;2011;0,6215
Artificialise;JJA;2012;0,6324
Artificialise;JJA;2013;0,6329
Artificialise;JJA;2014;0,6362
Artificialise;JJA;2015;0,6118
Artificialise;JJA;2016;0,641
Artificialise;JJA;2017;0,6204
Artificialise;JJA;2018;0,5694
Artificialise;JJA;2019;0,6013
Artificialise;JJA;2020;0,5802
Artificialise;JJA;2021;0,6361
Artificialise;JJA;2022;0,5761
Artificialise;JJA;2023;0,6185
Artificialise;JJA;2024;0,6293
Artificialise;MAM;2001;0,5555
Artificialise;MAM;2002;0,567
Artificialise;MAM;2003;0,5228
Artificialise;MAM;2004;0,543
Artificialise;MAM;2005;0,5763
Artificialise;MAM;2006;0,5129
Artificialise;MAM;2007;0,5811
Artificialise;MAM;2008;0,5679
Artificialise;MAM;2009;0,5438
Artificialise;MAM;2010;0,5186
Artificialise;MAM;2011;0,5482
Artificialise;MAM;2012;0,5389
Artificialise;MAM;2013;0,5195
Artificialise;MAM;2014;0,5795
Artificialise;MAM;2015;0,5431
Artificialise;MAM;2016;0,5634
Artificialise;MAM;2017;0,5677
Artificialise;MAM;2018;0,5634
Artificialise;MAM;2019;0,572
Artificialise;MAM;2020;0,5744
Artificialise;MAM;2021;0,542
Artificialise;MAM;2022;0,5573
Artificialise;MAM;2023;0,5854
Artificialise;MAM;2024;0,5824
Artificialise;SON;2001;0,6046
Artificialise;SON;2002;0,597
Artificialise;SON;2003;0,5523
Artificialise;SON;2004;0,5929
Artificialise;SON;2005;0,6114
Artificialise;SON;2006;0,6123
Artificialise;SON;2007;0,5963
Artificialise;SON;2008;0,5851
Artificialise;SON;2009;0,5601
Artificialise;SON;2010;0,6077
Artificialise;SON;2011;0,5992
Artificialise;SON;2012;0,5951
Artificialise;SON;2013;0,6034
Artificialise;SON;2014;0,6094
Artificialise;SON;2015;0,6135
Artificialise;SON;2016;0,5828
Artificialise;SON;2017;0,6008
Artificialise;SON;2018;0,5656
Artificialise;SON;2019;0,5872
Artificialise;SON;2020;0,5773
Artificialise;SON;2021;0,6062
Artificialise;SON;2022;0,5765
Artificialise;SON;2023;0,6267
Artificialise;SON;2024;0,626
Cultures;DJF;2001;0,5371
Cultures;DJF;2002;0,5457
Cultures;DJF;2003;0,4901
Cultures;DJF;2004;0,5505
Cultures;DJF;2005;0,5342
Cultures;DJF;2006;0,5186
Cultures;DJF;2007;0,6158
Cultures;DJF;2008;0,5226
Cultures;DJF;2009;0,492
Cultures;DJF;2010;0,5267
Cultures;DJF;2011;0,4912
Cultures;DJF;2012;0,5588
Cultures;DJF;2013;0,5338
Cultures;DJF;2014;0,5886
Cultures;DJF;2015;0,5844
Cultures;DJF;2016;0,645
Cultures;DJF;2017;0,5515
Cultures;DJF;2018;0,5954
Cultures;DJF;2019;0,5882
Cultures;DJF;2020;0,6013
Cultures;DJF;2021;0,5908
Cultures;DJF;2022;0,5905
Cultures;DJF;2023;0,6355
Cultures;DJF;2024;0,5679
Cultures;JJA;2001;0,6913
Cultures;JJA;2002;0,7225
Cultures;JJA;2003;0,6984
Cultures;JJA;2004;0,7204
Cultures;JJA;2005;0,7019
Cultures;JJA;2006;0,6756
Cultures;JJA;2007;0,7125
Cultures;JJA;2008;0,7081
Cultures;JJA;2009;0,7042
Cultures;JJA;2010;0,6796
Cultures;JJA;2011;0,7032
Cultures;JJA;2012;0,6938
Cultures;JJA;2013;0,7183
Cultures;JJA;2014;0,7196
Cultures;JJA;2015;0,6829
Cultures;JJA;2016;0,6992
Cultures;JJA;2017;0,6902
Cultures;JJA;2018;0,6399
Cultures;JJA;2019;0,6763
Cultures;JJA;2020;0,6518
Cultures;JJA;2021;0,7051
Cultures;JJA;2022;0,6422
Cultures;JJA;2023;0,6794
Cultures;JJA;2024;0,6705
Cultures;MAM;2001;0,592
Cultures;MAM;2002;0,6145
Cultures;MAM;2003;0,5627
Cultures;MAM;2004;0,5979
Cultures;MAM;2005;0,6394
Cultures;MAM;2006;0,5634
Cultures;MAM;2007;0,6457
Cultures;MAM;2008;0,6201
Cultures;MAM;2009;0,5947
Cultures;MAM;2010;0,5733
Cultures;MAM;2011;0,5926
Cultures;MAM;2012;0,6079
Cultures;MAM;2013;0,5567
Cultures;MAM;2014;0,6303
Cultures;MAM;2015;0,5975
Cultures;MAM;2016;0,6273
Cultures;MAM;2017;0,6241
Cultures;MAM;2018;0,6143
Cultures;MAM;2019;0,645
Cultures;MAM;2020;0,6209
Cultures;MAM;2021;0,6119
Cultures;MAM;2022;0,6047
Cultures;MAM;2023;0,669
Cultures;MAM;2024;0,6353
Cultures;SON;2001;0,6608
Cultures;SON;2002;0,644
Cultures;SON;2003;0,5949
Cultures;SON;2004;0,6419
Cultures;SON;2005;0,6748
Cultures;SON;2006;0,6678
Cultures;SON;2007;0,6501
Cultures;SON;2008;0,638
Cultures;SON;2009;0,6085
Cultures;SON;2010;0,663
Cultures;SON;2011;0,657
Cultures;SON;2012;0,6501
Cultures;SON;2013;0,6627
Cultures;SON;2014;0,6594
Cultures;SON;2015;0,6783
Cultures;SON;2016;0,6334
Cultures;SON;2017;0,6686
Cultures;SON;2018;0,6256
Cultures;SON;2019;0,6423
Cultures;SON;2020;0,6286
Cultures;SON;2021;0,6604
Cultures;SON;2022;0,6287
Cultures;SON;2023;0,6902
Cultures;SON;2024;0,6899
Foret feuillus;DJF;2001;0,5825
Foret feuillus;DJF;2002;0,5849
Foret feuillus;DJF;2003;0,5525
Foret feuillus;DJF;2004;0,5734
Foret feuillus;DJF;2005;0,5801
Foret feuillus;DJF;2006;0,5651
Foret feuillus;DJF;2007;0,6032
Foret feuillus;DJF;2008;0,5783
Foret feuillus;DJF;2009;0,5425
Foret feuillus;DJF;2010;0,5699
Foret feuillus;DJF;2011;0,5462
Foret feuillus;DJF;2012;0,5694
Foret feuillus;DJF;2013;0,5552
Foret feuillus;DJF;2014;0,6303
Foret feuillus;DJF;2015;0,6063
Foret feuillus;DJF;2016;0,6252
Foret feuillus;DJF;2017;0,601
Foret feuillus;DJF;2018;0,5941
Foret feuillus;DJF;2019;0,6092
Foret feuillus;DJF;2020;0,6323
Foret feuillus;DJF;2021;0,5845
Foret feuillus;DJF;2022;0,6176
Foret feuillus;DJF;2023;0,6071
Foret feuillus;DJF;2024;0,6111
Foret feuillus;JJA;2001;0,8494
Foret feuillus;JJA;2002;0,8513
Foret feuillus;JJA;2003;0,8443
Foret feuillus;JJA;2004;0,8356
Foret feuillus;JJA;2005;0,8431
Foret feuillus;JJA;2006;0,8349
Foret feuillus;JJA;2007;0,8425
Foret feuillus;JJA;2008;0,8432
Foret feuillus;JJA;2009;0,8486
Foret feuillus;JJA;2010;0,8394
Foret feuillus;JJA;2011;0,8386
Foret feuillus;JJA;2012;0,8371
Foret feuillus;JJA;2013;0,8495
Foret feuillus;JJA;2014;0,8404
Foret feuillus;JJA;2015;0,8481
Foret feuillus;JJA;2016;0,8514
Foret feuillus;JJA;2017;0,8465
Foret feuillus;JJA;2018;0,8209
Foret feuillus;JJA;2019;0,8306
Foret feuillus;JJA;2020;0,834
Foret feuillus;JJA;2021;0,8463
Foret feuillus;JJA;2022;0,8381
Foret feuillus;JJA;2023;0,8399
Foret feuillus;JJA;2024;0,8353
Foret feuillus;MAM;2001;0,6544
Foret feuillus;MAM;2002;0,663
Foret feuillus;MAM;2003;0,6251
Foret feuillus;MAM;2004;0,6202
Foret feuillus;MAM;2005;0,6558
Foret feuillus;MAM;2006;0,604
Foret feuillus;MAM;2007;0,703
Foret feuillus;MAM;2008;0,6783
Foret feuillus;MAM;2009;0,6542
Foret feuillus;MAM;2010;0,612
Foret feuillus;MAM;2011;0,6878
Foret feuillus;MAM;2012;0,6274
Foret feuillus;MAM;2013;0,5983
Foret feuillus;MAM;2014;0,698
Foret feuillus;MAM;2015;0,6465
Foret feuillus;MAM;2016;0,6575
Foret feuillus;MAM;2017;0,6484
Foret feuillus;MAM;2018;0,6969
Foret feuillus;MAM;2019;0,6669
Foret feuillus;MAM;2020;0,7126
Foret feuillus;MAM;2021;0,6033
Foret feuillus;MAM;2022;0,6647
Foret feuillus;MAM;2023;0,6603
Foret feuillus;MAM;2024;0,6746
Foret feuillus;SON;2001;0,7638
Foret feuillus;SON;2002;0,7478
Foret feuillus;SON;2003;0,7358
Foret feuillus;SON;2004;0,7345
Foret feuillus;SON;2005;0,7571
Foret feuillus;SON;2006;0,7601
Foret feuillus;SON;2007;0,7205
Foret feuillus;SON;2008;0,7406
Foret feuillus;SON;2009;0,7389
Foret feuillus;SON;2010;0,7748
Foret feuillus;SON;2011;0,7453
Foret feuillus;SON;2012;0,7421
Foret feuillus;SON;2013;0,7654
Foret feuillus;SON;2014;0,7439
Foret feuillus;SON;2015;0,7568
Foret feuillus;SON;2016;0,7507
Foret feuillus;SON;2017;0,7296
Foret feuillus;SON;2018;0,7336
Foret feuillus;SON;2019;0,7393
Foret feuillus;SON;2020;0,7274
Foret feuillus;SON;2021;0,757
Foret feuillus;SON;2022;0,7592
Foret feuillus;SON;2023;0,7927
Foret feuillus;SON;2024;0,7635
Foret mixte;DJF;2001;0,6451
Foret mixte;DJF;2002;0,6576
Foret mixte;DJF;2003;0,6254
Foret mixte;DJF;2004;0,6428
Foret mixte;DJF;2005;0,651
Foret mixte;DJF;2006;0,6194
Foret mixte;DJF;2007;0,6604
Foret mixte;DJF;2008;0,6413
Foret mixte;DJF;2009;0,6042
Foret mixte;DJF;2010;0,6266
Foret mixte;DJF;2011;0,6053
Foret mixte;DJF;2012;0,6294
Foret mixte;DJF;2013;0,5946
Foret mixte;DJF;2014;0,6944
Foret mixte;DJF;2015;0,647
Foret mixte;DJF;2016;0,6849
Foret mixte;DJF;2017;0,6612
Foret mixte;DJF;2018;0,6537
Foret mixte;DJF;2019;0,6711
Foret mixte;DJF;2020;0,701
Foret mixte;DJF;2021;0,6484
Foret mixte;DJF;2022;0,6705
Foret mixte;DJF;2023;0,6684
Foret mixte;DJF;2024;0,6841
Foret mixte;JJA;2001;0,8345
Foret mixte;JJA;2002;0,8405
Foret mixte;JJA;2003;0,8307
Foret mixte;JJA;2004;0,8231
Foret mixte;JJA;2005;0,8275
Foret mixte;JJA;2006;0,8176
Foret mixte;JJA;2007;0,827
Foret mixte;JJA;2008;0,8289
Foret mixte;JJA;2009;0,8353
Foret mixte;JJA;2010;0,8172
Foret mixte;JJA;2011;0,8218
Foret mixte;JJA;2012;0,8211
Foret mixte;JJA;2013;0,8308
Foret mixte;JJA;2014;0,8258
Foret mixte;JJA;2015;0,8288
Foret mixte;JJA;2016;0,8408
Foret mixte;JJA;2017;0,8333
Foret mixte;JJA;2018;0,8043
Foret mixte;JJA;2019;0,8171
Foret mixte;JJA;2020;0,8144
Foret mixte;JJA;2021;0,8277
Foret mixte;JJA;2022;0,8145
Foret mixte;JJA;2023;0,8275
Foret mixte;JJA;2024;0,8243
Foret mixte;MAM;2001;0,6856
Foret mixte;MAM;2002;0,6944
Foret mixte;MAM;2003;0,6531
Foret mixte;MAM;2004;0,6509
Foret mixte;MAM;2005;0,6825
Foret mixte;MAM;2006;0,6295
Foret mixte;MAM;2007;0,72
Foret mixte;MAM;2008;0,6892
Foret mixte;MAM;2009;0,6785
Foret mixte;MAM;2010;0,6428
Foret mixte;MAM;2011;0,694
Foret mixte;MAM;2012;0,6557
Foret mixte;MAM;2013;0,6371
Foret mixte;MAM;2014;0,7093
Foret mixte;MAM;2015;0,6653
Foret mixte;MAM;2016;0,6817
Foret mixte;MAM;2017;0,675
Foret mixte;MAM;2018;0,7081
Foret mixte;MAM;2019;0,6888
Foret mixte;MAM;2020;0,7219
Foret mixte;MAM;2021;0,6455
Foret mixte;MAM;2022;0,6864
Foret mixte;MAM;2023;0,6874
Foret mixte;MAM;2024;0,7009
Foret mixte;SON;2001;0,7738
Foret mixte;SON;2002;0,7717
Foret mixte;SON;2003;0,7529
Foret mixte;SON;2004;0,7617
Foret mixte;SON;2005;0,7745
Foret mixte;SON;2006;0,7743
Foret mixte;SON;2007;0,7452
Foret mixte;SON;2008;0,7511
Foret mixte;SON;2009;0,7601
Foret mixte;SON;2010;0,7853
Foret mixte;SON;2011;0,7552
Foret mixte;SON;2012;0,752
Foret mixte;SON;2013;0,7842
Foret mixte;SON;2014;0,7678
Foret mixte;SON;2015;0,7778
Foret mixte;SON;2016;0,766
Foret mixte;SON;2017;0,7467
Foret mixte;SON;2018;0,7441
Foret mixte;SON;2019;0,7541
Foret mixte;SON;2020;0,7453
Foret mixte;SON;2021;0,7793
Foret mixte;SON;2022;0,7726
Foret mixte;SON;2023;0,8054
Foret mixte;SON;2024;0,7768
Foret resineux;DJF;2001;0,6876
Foret resineux;DJF;2002;0,7033
Foret resineux;DJF;2003;0,6719
Foret resineux;DJF;2004;0,6863
Foret resineux;DJF;2005;0,6909
Foret resineux;DJF;2006;0,6606
Foret resineux;DJF;2007;0,6906
Foret resineux;DJF;2008;0,6798
Foret resineux;DJF;2009;0,6525
Foret resineux;DJF;2010;0,6613
Foret resineux;DJF;2011;0,6529
Foret resineux;DJF;2012;0,6619
Foret resineux;DJF;2013;0,6246
Foret resineux;DJF;2014;0,7296
Foret resineux;DJF;2015;0,6728
Foret resineux;DJF;2016;0,7148
Foret resineux;DJF;2017;0,698
Foret resineux;DJF;2018;0,6882
Foret resineux;DJF;2019;0,7051
Foret resineux;DJF;2020;0,7414
Foret resineux;DJF;2021;0,6829
Foret resineux;DJF;2022;0,697
Foret resineux;DJF;2023;0,703
Foret resineux;DJF;2024;0,725
Foret resineux;JJA;2001;0,8115
Foret resineux;JJA;2002;0,8211
Foret resineux;JJA;2003;0,8083
Foret resineux;JJA;2004;0,7983
Foret resineux;JJA;2005;0,8037
Foret resineux;JJA;2006;0,7951
Foret resineux;JJA;2007;0,8055
Foret resineux;JJA;2008;0,8063
Foret resineux;JJA;2009;0,813
Foret resineux;JJA;2010;0,7907
Foret resineux;JJA;2011;0,7992
Foret resineux;JJA;2012;0,7967
Foret resineux;JJA;2013;0,8064
Foret resineux;JJA;2014;0,8021
Foret resineux;JJA;2015;0,8041
Foret resineux;JJA;2016;0,8203
Foret resineux;JJA;2017;0,8112
Foret resineux;JJA;2018;0,7858
Foret resineux;JJA;2019;0,7972
Foret resineux;JJA;2020;0,7933
Foret resineux;JJA;2021;0,8039
Foret resineux;JJA;2022;0,7924
Foret resineux;JJA;2023;0,807
Foret resineux;JJA;2024;0,8031
Foret resineux;MAM;2001;0,6953
Foret resineux;MAM;2002;0,7012
Foret resineux;MAM;2003;0,6678
Foret resineux;MAM;2004;0,6534
Foret resineux;MAM;2005;0,6867
Foret resineux;MAM;2006;0,6436
Foret resineux;MAM;2007;0,7134
Foret resineux;MAM;2008;0,6864
Foret resineux;MAM;2009;0,6821
Foret resineux;MAM;2010;0,6515
Foret resineux;MAM;2011;0,6887
Foret resineux;MAM;2012;0,6596
Foret resineux;MAM;2013;0,6494
Foret resineux;MAM;2014;0,7007
Foret resineux;MAM;2015;0,6695
Foret resineux;MAM;2016;0,6831
Foret resineux;MAM;2017;0,6821
Foret resineux;MAM;2018;0,7026
Foret resineux;MAM;2019;0,6897
Foret resineux;MAM;2020;0,7141
Foret resineux;MAM;2021;0,6633
Foret resineux;MAM;2022;0,6892
Foret resineux;MAM;2023;0,6886
Foret resineux;MAM;2024;0,7006
Foret resineux;SON;2001;0,7568
Foret resineux;SON;2002;0,7748
Foret resineux;SON;2003;0,7514
Foret resineux;SON;2004;0,7652
Foret resineux;SON;2005;0,7767
Foret resineux;SON;2006;0,7694
Foret resineux;SON;2007;0,7562
Foret resineux;SON;2008;0,743
Foret resineux;SON;2009;0,7601
Foret resineux;SON;2010;0,7726
Foret resineux;SON;2011;0,7574
Foret resineux;SON;2012;0,7566
Foret resineux;SON;2013;0,7872
Foret resineux;SON;2014;0,7712
Foret resineux;SON;2015;0,7801
Foret resineux;SON;2016;0,7706
Foret resineux;SON;2017;0,7491
Foret resineux;SON;2018;0,7476
Foret resineux;SON;2019;0,7584
Foret resineux;SON;2020;0,7562
Foret resineux;SON;2021;0,7809
Foret resineux;SON;2022;0,7707
Foret resineux;SON;2023;0,7978
Foret resineux;SON;2024;0,7761
Milieux semi-naturels;DJF;2001;0,5407
Milieux semi-naturels;DJF;2002;0,5523
Milieux semi-naturels;DJF;2003;0,5134
Milieux semi-naturels;DJF;2004;0,5214
Milieux semi-naturels;DJF;2005;0,5276
Milieux semi-naturels;DJF;2006;0,5069
Milieux semi-naturels;DJF;2007;0,5469
Milieux semi-naturels;DJF;2008;0,5167
Milieux semi-naturels;DJF;2009;0,4858
Milieux semi-naturels;DJF;2010;0,494
Milieux semi-naturels;DJF;2011;0,488
Milieux semi-naturels;DJF;2012;0,5138
Milieux semi-naturels;DJF;2013;0,4724
Milieux semi-naturels;DJF;2014;0,5592
Milieux semi-naturels;DJF;2015;0,5424
Milieux semi-naturels;DJF;2016;0,5674
Milieux semi-naturels;DJF;2017;0,5277
Milieux semi-naturels;DJF;2018;0,5467
Milieux semi-naturels;DJF;2019;0,5355
Milieux semi-naturels;DJF;2020;0,5771
Milieux semi-naturels;DJF;2021;0,5511
Milieux semi-naturels;DJF;2022;0,5639
Milieux semi-naturels;DJF;2023;0,566
Milieux semi-naturels;DJF;2024;0,5838
Milieux semi-naturels;JJA;2001;0,7227
Milieux semi-naturels;JJA;2002;0,7394
Milieux semi-naturels;JJA;2003;0,7186
Milieux semi-naturels;JJA;2004;0,7115
Milieux semi-naturels;JJA;2005;0,7094
Milieux semi-naturels;JJA;2006;0,7056
Milieux semi-naturels;JJA;2007;0,7303
Milieux semi-naturels;JJA;2008;0,7241
Milieux semi-naturels;JJA;2009;0,7186
Milieux semi-naturels;JJA;2010;0,6866
Milieux semi-naturels;JJA;2011;0,7048
Milieux semi-naturels;JJA;2012;0,7244
Milieux semi-naturels;JJA;2013;0,7226
Milieux semi-naturels;JJA;2014;0,723
Milieux semi-naturels;JJA;2015;0,7149
Milieux semi-naturels;JJA;2016;0,7564
Milieux semi-naturels;JJA;2017;0,7148
Milieux semi-naturels;JJA;2018;0,7004
Milieux semi-naturels;JJA;2019;0,706
Milieux semi-naturels;JJA;2020;0,6969
Milieux semi-naturels;JJA;2021;0,7299
Milieux semi-naturels;JJA;2022;0,7044
Milieux semi-naturels;JJA;2023;0,7225
Milieux semi-naturels;JJA;2024;0,7453
Milieux semi-naturels;MAM;2001;0,5818
Milieux semi-naturels;MAM;2002;0,5833
Milieux semi-naturels;MAM;2003;0,5325
Milieux semi-naturels;MAM;2004;0,5352
Milieux semi-naturels;MAM;2005;0,5749
Milieux semi-naturels;MAM;2006;0,5179
Milieux semi-naturels;MAM;2007;0,5856
Milieux semi-naturels;MAM;2008;0,5655
Milieux semi-naturels;MAM;2009;0,549
Milieux semi-naturels;MAM;2010;0,5063
Milieux semi-naturels;MAM;2011;0,5536
Milieux semi-naturels;MAM;2012;0,5345
Milieux semi-naturels;MAM;2013;0,5157
Milieux semi-naturels;MAM;2014;0,5753
Milieux semi-naturels;MAM;2015;0,5397
Milieux semi-naturels;MAM;2016;0,5641
Milieux semi-naturels;MAM;2017;0,5548
Milieux semi-naturels;MAM;2018;0,5811
Milieux semi-naturels;MAM;2019;0,5613
Milieux semi-naturels;MAM;2020;0,5858
Milieux semi-naturels;MAM;2021;0,5382
Milieux semi-naturels;MAM;2022;0,5677
Milieux semi-naturels;MAM;2023;0,5871
Milieux semi-naturels;MAM;2024;0,6124
Milieux semi-naturels;SON;2001;0,6557
Milieux semi-naturels;SON;2002;0,6655
Milieux semi-naturels;SON;2003;0,6248
Milieux semi-naturels;SON;2004;0,6564
Milieux semi-naturels;SON;2005;0,6657
Milieux semi-naturels;SON;2006;0,668
Milieux semi-naturels;SON;2007;0,6441
Milieux semi-naturels;SON;2008;0,6396
Milieux semi-naturels;SON;2009;0,6289
Milieux semi-naturels;SON;2010;0,6592
Milieux semi-naturels;SON;2011;0,6543
Milieux semi-naturels;SON;2012;0,6425
Milieux semi-naturels;SON;2013;0,6616
Milieux semi-naturels;SON;2014;0,6701
Milieux semi-naturels;SON;2015;0,6737
Milieux semi-naturels;SON;2016;0,658
Milieux semi-naturels;SON;2017;0,6574
Milieux semi-naturels;SON;2018;0,6226
Milieux semi-naturels;SON;2019;0,6543
Milieux semi-naturels;SON;2020;0,6568
Milieux semi-naturels;SON;2021;0,6814
Milieux semi-naturels;SON;2022;0,6594
Milieux semi-naturels;SON;2023;0,7127
Milieux semi-naturels;SON;2024;0,6856
Prairies;DJF;2001;0,6323
Prairies;DJF;2002;0,6381
Prairies;DJF;2003;0,5852
Prairies;DJF;2004;0,636
Prairies;DJF;2005;0,6171
Prairies;DJF;2006;0,5795
Prairies;DJF;2007;0,6846
Prairies;DJF;2008;0,6087
Prairies;DJF;2009;0,5608
Prairies;DJF;2010;0,5927
Prairies;DJF;2011;0,5675
Prairies;DJF;2012;0,621
Prairies;DJF;2013;0,6113
Prairies;DJF;2014;0,6716
Prairies;DJF;2015;0,6523
Prairies;DJF;2016;0,7124
Prairies;DJF;2017;0,6142
Prairies;DJF;2018;0,6712
Prairies;DJF;2019;0,6533
Prairies;DJF;2020;0,6813
Prairies;DJF;2021;0,66
Prairies;DJF;2022;0,6565
Prairies;DJF;2023;0,6918
Prairies;DJF;2024;0,6503
Prairies;JJA;2001;0,76
Prairies;JJA;2002;0,7756
Prairies;JJA;2003;0,751
Prairies;JJA;2004;0,7724
Prairies;JJA;2005;0,7612
Prairies;JJA;2006;0,7258
Prairies;JJA;2007;0,7702
Prairies;JJA;2008;0,7627
Prairies;JJA;2009;0,7657
Prairies;JJA;2010;0,7336
Prairies;JJA;2011;0,7592
Prairies;JJA;2012;0,7566
Prairies;JJA;2013;0,7633
Prairies;JJA;2014;0,7664
Prairies;JJA;2015;0,7348
Prairies;JJA;2016;0,756
Prairies;JJA;2017;0,7511
Prairies;JJA;2018;0,6862
Prairies;JJA;2019;0,7261
Prairies;JJA;2020;0,7011
Prairies;JJA;2021;0,7562
Prairies;JJA;2022;0,6858
Prairies;JJA;2023;0,7375
Prairies;JJA;2024;0,7375
Prairies;MAM;2001;0,7081
Prairies;MAM;2002;0,712
Prairies;MAM;2003;0,6619
Prairies;MAM;2004;0,6911
Prairies;MAM;2005;0,715
Prairies;MAM;2006;0,6312
Prairies;MAM;2007;0,7415
Prairies;MAM;2008;0,7145
Prairies;MAM;2009;0,6843
Prairies;MAM;2010;0,6598
Prairies;MAM;2011;0,6822
Prairies;MAM;2012;0,6891
Prairies;MAM;2013;0,6605
Prairies;MAM;2014;0,7154
Prairies;MAM;2015;0,6798
Prairies;MAM;2016;0,7133
Prairies;MAM;2017;0,7098
Prairies;MAM;2018;0,7014
Prairies;MAM;2019;0,7254
Prairies;MAM;2020;0,7209
Prairies;MAM;2021;0,694
Prairies;MAM;2022;0,6912
Prairies;MAM;2023;0,7432
Prairies;MAM;2024;0,7183
Prairies;SON;2001;0,7392
Prairies;SON;2002;0,7328
Prairies;SON;2003;0,6816
Prairies;SON;2004;0,7338
Prairies;SON;2005;0,7473
Prairies;SON;2006;0,7519
Prairies;SON;2007;0,7281
Prairies;SON;2008;0,7149
Prairies;SON;2009;0,6951
Prairies;SON;2010;0,7483
Prairies;SON;2011;0,7332
Prairies;SON;2012;0,7182
Prairies;SON;2013;0,7389
Prairies;SON;2014;0,7412
Prairies;SON;2015;0,747
Prairies;SON;2016;0,7015
Prairies;SON;2017;0,7309
Prairies;SON;2018;0,6861
Prairies;SON;2019;0,7093
Prairies;SON;2020;0,6902
Prairies;SON;2021;0,7353
Prairies;SON;2022;0,7041
Prairies;SON;2023;0,7587
Prairies;SON;2024;0,7489
Zones humides et eau;DJF;2001;0,3411
Zones humides et eau;DJF;2002;0,3464
Zones humides et eau;DJF;2003;0,3146
Zones humides et eau;DJF;2004;0,3327
Zones humides et eau;DJF;2005;0,3377
Zones humides et eau;DJF;2006;0,3263
Zones humides et eau;DJF;2007;0,3653
Zones humides et eau;DJF;2008;0,3383
Zones humides et eau;DJF;2009;0,3149
Zones humides et eau;DJF;2010;0,3355
Zones humides et eau;DJF;2011;0,3119
Zones humides et eau;DJF;2012;0,3356
Zones humides et eau;DJF;2013;0,3221
Zones humides et eau;DJF;2014;0,375
Zones humides et eau;DJF;2015;0,3631
Zones humides et eau;DJF;2016;0,4045
Zones humides et eau;DJF;2017;0,3606
Zones humides et eau;DJF;2018;0,3524
Zones humides et eau;DJF;2019;0,3724
Zones humides et eau;DJF;2020;0,388
Zones humides et eau;DJF;2021;0,3758
Zones humides et eau;DJF;2022;0,3838
Zones humides et eau;DJF;2023;0,3774
Zones humides et eau;DJF;2024;0,3893
Zones humides et eau;JJA;2001;0,5662
Zones humides et eau;JJA;2002;0,581
Zones humides et eau;JJA;2003;0,558
Zones humides et eau;JJA;2004;0,5578
Zones humides et eau;JJA;2005;0,5585
Zones humides et eau;JJA;2006;0,5606
Zones humides et eau;JJA;2007;0,58
Zones humides et eau;JJA;2008;0,5786
Zones humides et eau;JJA;2009;0,5666
Zones humides et eau;JJA;2010;0,5379
Zones humides et eau;JJA;2011;0,558
Zones humides et eau;JJA;2012;0,5658
Zones humides et eau;JJA;2013;0,5621
Zones humides et eau;JJA;2014;0,5746
Zones humides et eau;JJA;2015;0,5599
Zones humides et eau;JJA;2016;0,5936
Zones humides et eau;JJA;2017;0,5673
Zones humides et eau;JJA;2018;0,5403
Zones humides et eau;JJA;2019;0,555
Zones humides et eau;JJA;2020;0,5504
Zones humides et eau;JJA;2021;0,5636
Zones humides et eau;JJA;2022;0,5426
Zones humides et eau;JJA;2023;0,5651
Zones humides et eau;JJA;2024;0,5791
Zones humides et eau;MAM;2001;0,4096
Zones humides et eau;MAM;2002;0,4198
Zones humides et eau;MAM;2003;0,3698
Zones humides et eau;MAM;2004;0,3938
Zones humides et eau;MAM;2005;0,4341
Zones humides et eau;MAM;2006;0,3738
Zones humides et eau;MAM;2007;0,4349
Zones humides et eau;MAM;2008;0,4174
Zones humides et eau;MAM;2009;0,4042
Zones humides et eau;MAM;2010;0,3626
Zones humides et eau;MAM;2011;0,4058
Zones humides et eau;MAM;2012;0,3913
Zones humides et eau;MAM;2013;0,3829
Zones humides et eau;MAM;2014;0,4272
Zones humides et eau;MAM;2015;0,3969
Zones humides et eau;MAM;2016;0,4159
Zones humides et eau;MAM;2017;0,4244
Zones humides et eau;MAM;2018;0,4291
Zones humides et eau;MAM;2019;0,4165
Zones humides et eau;MAM;2020;0,4233
Zones humides et eau;MAM;2021;0,3899
Zones humides et eau;MAM;2022;0,4155
Zones humides et eau;MAM;2023;0,435
Zones humides et eau;MAM;2024;0,4509
Zones humides et eau;SON;2001;0,4679
Zones humides et eau;SON;2002;0,4833
Zones humides et eau;SON;2003;0,4488
Zones humides et eau;SON;2004;0,4785
Zones humides et eau;SON;2005;0,4886
Zones humides et eau;SON;2006;0,4969
Zones humides et eau;SON;2007;0,4748
Zones humides et eau;SON;2008;0,4672
Zones humides et eau;SON;2009;0,4613
Zones humides et eau;SON;2010;0,5024
Zones humides et eau;SON;2011;0,4868
Zones humides et eau;SON;2012;0,4833
Zones humides et eau;SON;2013;0,4899
Zones humides et eau;SON;2014;0,5028
Zones humides et eau;SON;2015;0,5113
Zones humides et eau;SON;2016;0,4917
Zones humides et eau;SON;2017;0,5
Zones humides et eau;SON;2018;0,4609
Zones humides et eau;SON;2019;0,488
Zones humides et eau;SON;2020;0,4975
Zones humides et eau;SON;2021;0,5033
Zones humides et eau;SON;2022;0,4934
Zones humides et eau;SON;2023;0,5405
Zones humides et eau;SON;2024;0,5204
