NUTS_ID;INDICATEUR;SAISON;UNITE;1961-1990;1991-2020;2015-2024;ECART
BE10;fd;DJF;jours;36,9;31,802;28,569;-5,099
BE10;fd;MAM;jours;10,754;8,887;11,808;-1,867
BE10;prcptot;DJF;mm;183,156;212,454;229,159;29,298
BE10;prcptot;JJA;mm;205,01;215,617;190,373;10,607
BE10;prcptot;MAM;mm;185,936;152,193;152,418;-33,743
BE10;prcptot;SON;mm;198,503;192,768;192,232;-5,735
BE10;su;JJA;jours;18,981;27,067;41,772;8,085
BE10;su30;JJA;jours;2,673;5,909;12,37;3,236
BE10;swvl1;DJF;m3/m3;0,381;0,382;0,385;0,001
BE10;swvl1;JJA;m3/m3;0,302;0,287;0,275;-0,015
BE10;swvl1;MAM;m3/m3;0,357;0,338;0,333;-0,018
BE10;swvl1;SON;m3/m3;0,331;0,328;0,33;-0,002
BE10;swvl2;DJF;m3/m3;0,382;0,382;0,386;0,001
BE10;swvl2;JJA;m3/m3;0,293;0,273;0,261;-0,02
BE10;swvl2;MAM;m3/m3;0,357;0,339;0,335;-0,018
BE10;swvl2;SON;m3/m3;0,318;0,315;0,317;-0,003
BE10;t2m;DJF;degC;2,918;3,845;4,927;0,926
BE10;t2m;JJA;degC;16,463;17,634;18,61;1,171
BE10;t2m;MAM;degC;8,681;9,897;10,156;1,216
BE10;t2m;SON;degC;10,611;11,241;12,035;0,63
BE10;tp;DJF;mm;182,624;209,788;207,172;27,164
BE10;tp;JJA;mm;217,478;228,262;205,548;10,784
BE10;tp;MAM;mm;212,456;181,413;178,324;-31,043
BE10;tp;SON;mm;189,15;191,526;183,316;2,376
BE10;tr;JJA;jours;0,338;1,059;0,216;0,72
BE10;txx;JJA;degC;31,44;33,889;36,691;2,449
BE21;fd;DJF;jours;39,517;34,617;28,775;-4,9
BE21;fd;MAM;jours;13,97;11,917;12,536;-2,053
BE21;prcptot;DJF;mm;183,765;208,562;228,825;24,796
BE21;prcptot;JJA;mm;202,681;221,296;197,489;18,615
BE21;prcptot;MAM;mm;173,56;148,208;164,796;-25,353
BE21;prcptot;SON;mm;203,471;201,13;205,186;-2,341
BE21;su;JJA;jours;18,425;28,567;37,379;10,142
BE21;su30;JJA;jours;2,696;7,133;10,183;4,438
BE21;swvl1;DJF;m3/m3;0,278;0,28;0,284;0,001
BE21;swvl1;JJA;m3/m3;0,213;0,203;0,197;-0,01
BE21;swvl1;MAM;m3/m3;0,255;0,238;0,236;-0,017
BE21;swvl1;SON;m3/m3;0,24;0,241;0,241;0,001
BE21;swvl2;DJF;m3/m3;0,279;0,281;0,285;0,002
BE21;swvl2;JJA;m3/m3;0,205;0,191;0,186;-0,014
BE21;swvl2;MAM;m3/m3;0,255;0,238;0,237;-0,017
BE21;swvl2;SON;m3/m3;0,231;0,232;0,233;0,001
BE21;t2m;DJF;degC;3,006;3,94;5,064;0,935
BE21;t2m;JJA;degC;16,717;17,883;18,802;1,165
BE21;t2m;MAM;degC;8,889;10,121;10,35;1,232
BE21;t2m;SON;degC;10,777;11,379;12,157;0,601
BE21;tp;DJF;mm;188,808;213,877;211,831;25,069
BE21;tp;JJA;mm;223,337;236,123;217,412;12,785
BE21;tp;MAM;mm;211,904;182,303;185,776;-29,601
BE21;tp;SON;mm;193,467;199,225;189,653;5,757
BE21;tr;JJA;jours;0,047;0,318;0,417;0,271
BE21;txx;JJA;degC;31,325;34,347;36,196;3,022
BE22;fd;DJF;jours;42,843;35,493;27,782;-7,35
BE22;fd;MAM;jours;17,111;11,814;11,751;-5,297
BE22;prcptot;DJF;mm;182,596;193,385;209,741;10,789
BE22;prcptot;JJA;mm;207,224;214,707;207,564;7,483
BE22;prcptot;MAM;mm;179,567;144,081;154,924;-35,486
BE22;prcptot;SON;mm;188,698;177,705;177,41;-10,994
BE22;su;JJA;jours;20,781;32,28;38,716;11,499
BE22;su30;JJA;jours;3,705;8,741;10,777;5,036
BE22;swvl1;DJF;m3/m3;0,31;0,312;0,316;0,001
BE22;swvl1;JJA;m3/m3;0,25;0,238;0,23;-0,012
BE22;swvl1;MAM;m3/m3;0,291;0,273;0,268;-0,018
BE22;swvl1;SON;m3/m3;0,273;0,274;0,275;0,001
BE22;swvl2;DJF;m3/m3;0,312;0,313;0,317;0,001
BE22;swvl2;JJA;m3/m3;0,244;0,227;0,22;-0,017
BE22;swvl2;MAM;m3/m3;0,291;0,273;0,269;-0,018
BE22;swvl2;SON;m3/m3;0,266;0,266;0,267;0,001
BE22;t2m;DJF;degC;2,644;3,611;4,757;0,967
BE22;t2m;JJA;degC;16,671;17,936;18,914;1,265
BE22;t2m;MAM;degC;8,742;10,014;10,258;1,272
BE22;t2m;SON;degC;10,547;11,165;11,966;0,618
BE22;tp;DJF;mm;198,176;223,195;220,681;25,019
BE22;tp;JJA;mm;227,96;239,62;227,06;11,66
BE22;tp;MAM;mm;223,772;186,633;185,672;-37,139
BE22;tp;SON;mm;194,862;203,183;193,129;8,321
BE22;tr;JJA;jours;0,026;0,465;0,689;0,439
BE22;txx;JJA;degC;31,986;35,028;36,167;3,041
BE23;fd;DJF;jours;39,481;31,519;22,907;-7,962
BE23;fd;MAM;jours;12,689;8,47;7,602;-4,218
BE23;prcptot;DJF;mm;174,243;208,769;218,576;34,526
BE23;prcptot;JJA;mm;198,745;216,228;168,846;17,484
BE23;prcptot;MAM;mm;168,559;147,724;154,481;-20,834
BE23;prcptot;SON;mm;206,653;213,147;215,954;6,494
BE23;su;JJA;jours;14,315;23,206;34,9;8,891
BE23;su30;JJA;jours;1,643;4,936;9,04;3,294
BE23;swvl1;DJF;m3/m3;0,32;0,321;0,324;0,001
BE23;swvl1;JJA;m3/m3;0,248;0,238;0,224;-0,01
BE23;swvl1;MAM;m3/m3;0,296;0,281;0,277;-0,014
BE23;swvl1;SON;m3/m3;0,279;0,28;0,278;0,001
BE23;swvl2;DJF;m3/m3;0,321;0,323;0,326;0,002
BE23;swvl2;JJA;m3/m3;0,239;0,226;0,21;-0,013
BE23;swvl2;MAM;m3/m3;0,296;0,282;0,278;-0,014
BE23;swvl2;SON;m3/m3;0,269;0,27;0,267;0,001
BE23;t2m;DJF;degC;3,287;4,204;5,267;0,917
BE23;t2m;JJA;degC;16,592;17,674;18,582;1,082
BE23;t2m;MAM;degC;8,868;10,056;10,297;1,188
BE23;t2m;SON;degC;10,903;11,513;12,299;0,61
BE23;tp;DJF;mm;176,19;203,926;201,198;27,736
BE23;tp;JJA;mm;211,147;226,256;195,19;15,109
BE23;tp;MAM;mm;201,855;180,082;178,384;-21,774
BE23;tp;SON;mm;191,755;196,214;184,537;4,459
BE23;tr;JJA;jours;0,106;0,368;0,712;0,261
BE23;txx;JJA;degC;30,481;33,339;35,977;2,858
BE24;fd;DJF;jours;39,239;33,148;28,144;-6,092
BE24;fd;MAM;jours;12,986;9,78;11,832;-3,205
BE24;prcptot;DJF;mm;178,922;201,35;212,158;22,428
BE24;prcptot;JJA;mm;200,528;212,631;190,214;12,103
BE24;prcptot;MAM;mm;179,601;144,652;148,589;-34,949
BE24;prcptot;SON;mm;194,271;182,628;182,132;-11,643
BE24;su;JJA;jours;18,602;28,532;42,027;9,931
BE24;su30;JJA;jours;2,724;6,753;12,079;4,029
BE24;swvl1;DJF;m3/m3;0,365;0,366;0,369;0,001
BE24;swvl1;JJA;m3/m3;0,295;0,281;0,27;-0,014
BE24;swvl1;MAM;m3/m3;0,343;0,325;0,32;-0,018
BE24;swvl1;SON;m3/m3;0,321;0,319;0,321;-0,002
BE24;swvl2;DJF;m3/m3;0,366;0,367;0,371;0,001
BE24;swvl2;JJA;m3/m3;0,286;0,268;0,257;-0,019
BE24;swvl2;MAM;m3/m3;0,343;0,325;0,321;-0,018
BE24;swvl2;SON;m3/m3;0,31;0,308;0,309;-0,003
BE24;t2m;DJF;degC;2,939;3,869;4,968;0,93
BE24;t2m;JJA;degC;16,583;17,769;18,735;1,187
BE24;t2m;MAM;degC;8,775;10,002;10,252;1,227
BE24;t2m;SON;degC;10,671;11,302;12,091;0,63
BE24;tp;DJF;mm;185,924;212,264;210,217;26,34
BE24;tp;JJA;mm;220,219;231,677;212,168;11,458
BE24;tp;MAM;mm;214,899;182,341;180,429;-32,558
BE24;tp;SON;mm;190,659;193,145;184,863;2,486
BE24;tr;JJA;jours;0,133;0,665;0,371;0,532
BE24;txx;JJA;degC;31,422;34,186;36,693;2,765
BE25;fd;DJF;jours;32,102;24,209;17,103;-7,893
BE25;fd;MAM;jours;9,004;4,888;3,93;-4,116
BE25;prcptot;DJF;mm;157,915;193,957;207,151;36,042
BE25;prcptot;JJA;mm;175,364;200,931;160,752;25,567
BE25;prcptot;MAM;mm;151,099;142,394;146,885;-8,705
BE25;prcptot;SON;mm;203,246;221,152;233,406;17,906
BE25;su;JJA;jours;11,388;18,268;27,02;6,88
BE25;su30;JJA;jours;1,384;3,42;5,842;2,036
BE25;swvl1;DJF;m3/m3;0,345;0,347;0,348;0,002
BE25;swvl1;JJA;m3/m3;0,266;0,26;0,239;-0,006
BE25;swvl1;MAM;m3/m3;0,319;0,308;0,303;-0,012
BE25;swvl1;SON;m3/m3;0,304;0,308;0,302;0,004
BE25;swvl2;DJF;m3/m3;0,346;0,348;0,35;0,002
BE25;swvl2;JJA;m3/m3;0,259;0,251;0,227;-0,008
BE25;swvl2;MAM;m3/m3;0,32;0,308;0,304;-0,012
BE25;swvl2;SON;m3/m3;0,294;0,3;0,291;0,005
BE25;t2m;DJF;degC;3,746;4,658;5,651;0,912
BE25;t2m;JJA;degC;16,362;17,398;18,272;1,036
BE25;t2m;MAM;degC;8,775;9,917;10,184;1,143
BE25;t2m;SON;degC;11,192;11,798;12,566;0,606
BE25;tp;DJF;mm;176,995;206,462;203,553;29,467
BE25;tp;JJA;mm;198,323;220,115;180,637;21,792
BE25;tp;MAM;mm;192,277;178,177;172,69;-14,101
BE25;tp;SON;mm;206,185;216,269;198,37;10,084
BE25;tr;JJA;jours;0,038;0,855;1,562;0,817
BE25;txx;JJA;degC;30,197;32,729;34,94;2,532
BE31;fd;DJF;jours;41,424;34,498;29,373;-6,926
BE31;fd;MAM;jours;14,179;10,167;12,961;-4,013
BE31;prcptot;DJF;mm;184,856;211,799;219,244;26,943
BE31;prcptot;JJA;mm;208,058;211,911;190,188;3,853
BE31;prcptot;MAM;mm;189,5;153,483;148,44;-36,017
BE31;prcptot;SON;mm;196,965;184,131;178,507;-12,833
BE31;su;JJA;jours;16,852;26,482;40,583;9,63
BE31;su30;JJA;jours;2,279;5,77;11,307;3,491
BE31;swvl1;DJF;m3/m3;0,383;0,384;0,388;0,001
BE31;swvl1;JJA;m3/m3;0,312;0,297;0,284;-0,015
BE31;swvl1;MAM;m3/m3;0,363;0,345;0,339;-0,018
BE31;swvl1;SON;m3/m3;0,34;0,337;0,34;-0,002
BE31;swvl2;DJF;m3/m3;0,385;0,386;0,389;0,001
BE31;swvl2;JJA;m3/m3;0,302;0,282;0,268;-0,02
BE31;swvl2;MAM;m3/m3;0,363;0,345;0,339;-0,018
BE31;swvl2;SON;m3/m3;0,329;0,326;0,328;-0,003
BE31;t2m;DJF;degC;2,623;3,553;4,634;0,931
BE31;t2m;JJA;degC;16,255;17,459;18,437;1,204
BE31;t2m;MAM;degC;8,454;9,68;9,934;1,226
BE31;t2m;SON;degC;10,364;10,994;11,794;0,631
BE31;tp;DJF;mm;190,967;218,152;216,774;27,185
BE31;tp;JJA;mm;225,896;236,639;218,374;10,743
BE31;tp;MAM;mm;223,373;190,375;185,868;-32,998
BE31;tp;SON;mm;195,239;197,413;191,324;2,174
BE31;tr;JJA;jours;0,105;0,681;0,363;0,576
BE31;txx;JJA;degC;31,104;33,735;36,33;2,631
BE32;fd;DJF;jours;50,545;38,462;27,943;-12,083
BE32;fd;MAM;jours;19,939;11,654;9,981;-8,285
BE32;prcptot;DJF;mm;183,144;220,836;230,359;37,691
BE32;prcptot;JJA;mm;205,023;212,232;181,263;7,208
BE32;prcptot;MAM;mm;189,639;163,034;155,422;-26,604
BE32;prcptot;SON;mm;204,316;196,565;195,622;-7,751
BE32;su;JJA;jours;12,525;23,664;38,832;11,139
BE32;su30;JJA;jours;1,291;4,611;10,348;3,32
BE32;swvl1;DJF;m3/m3;0,384;0,385;0,387;0,001
BE32;swvl1;JJA;m3/m3;0,31;0,296;0,277;-0,014
BE32;swvl1;MAM;m3/m3;0,362;0,347;0,342;-0,015
BE32;swvl1;SON;m3/m3;0,339;0,337;0,336;-0,002
BE32;swvl2;DJF;m3/m3;0,385;0,386;0,389;0,001
BE32;swvl2;JJA;m3/m3;0,301;0,283;0,264;-0,018
BE32;swvl2;MAM;m3/m3;0,362;0,347;0,343;-0,015
BE32;swvl2;SON;m3/m3;0,328;0,326;0,323;-0,003
BE32;t2m;DJF;degC;2,785;3,703;4,718;0,918
BE32;t2m;JJA;degC;16,235;17,398;18,381;1,164
BE32;t2m;MAM;degC;8,474;9,682;9,95;1,208
BE32;t2m;SON;degC;10,427;11,062;11,873;0,634
BE32;tp;DJF;mm;193,205;225,684;224,413;32,48
BE32;tp;JJA;mm;214,593;224,246;196,659;9,653
BE32;tp;MAM;mm;218,315;194,306;190,821;-24,008
BE32;tp;SON;mm;199,781;198,583;191,715;-1,198
BE32;tr;JJA;jours;0,046;0,523;0,884;0,477
BE32;txx;JJA;degC;29,927;32,996;35,768;3,069
BE33;fd;DJF;jours;48,978;42,29;36,402;-6,687
BE33;fd;MAM;jours;19,909;14,712;17,586;-5,196
BE33;prcptot;DJF;mm;252,112;262,513;259,81;10,401
BE33;prcptot;JJA;mm;258,793;249,558;234,101;-9,235
BE33;prcptot;MAM;mm;237,443;194,103;192,716;-43,339
BE33;prcptot;SON;mm;238,71;227,636;216,336;-11,074
BE33;su;JJA;jours;14,196;24,177;30,613;9,981
BE33;su30;JJA;jours;1,748;5,212;7,843;3,463
BE33;swvl1;DJF;m3/m3;0,388;0,39;0,394;0,002
BE33;swvl1;JJA;m3/m3;0,33;0,312;0,295;-0,018
BE33;swvl1;MAM;m3/m3;0,372;0,354;0,348;-0,019
BE33;swvl1;SON;m3/m3;0,354;0,353;0,348;-0,001
BE33;swvl2;DJF;m3/m3;0,39;0,392;0,396;0,002
BE33;swvl2;JJA;m3/m3;0,322;0,298;0,281;-0,024
BE33;swvl2;MAM;m3/m3;0,372;0,352;0,347;-0,019
BE33;swvl2;SON;m3/m3;0,346;0,345;0,339;-0,001
BE33;t2m;DJF;degC;1,144;2,148;3,262;1,004
BE33;t2m;JJA;degC;15,289;16,569;17,609;1,28
BE33;t2m;MAM;degC;7,331;8,614;8,887;1,283
BE33;t2m;SON;degC;9,194;9,808;10,681;0,614
BE33;tp;DJF;mm;249,395;276,471;272,364;27,076
BE33;tp;JJA;mm;269,637;276,241;257,853;6,605
BE33;tp;MAM;mm;267,107;228,245;226,642;-38,863
BE33;tp;SON;mm;231,636;235,598;220,317;3,962
BE33;tr;JJA;jours;0,062;0,485;0,231;0,423
BE33;txx;JJA;degC;30,341;33,238;34,795;2,896
BE34;fd;DJF;jours;54,904;48,324;41,97;-6,58
BE34;fd;MAM;jours;23,536;18,666;22,052;-4,871
BE34;prcptot;DJF;mm;259,25;309,404;307,701;50,153
BE34;prcptot;JJA;mm;239,298;242,58;220,569;3,282
BE34;prcptot;MAM;mm;234,563;209,712;198,243;-24,851
BE34;prcptot;SON;mm;250,982;248,135;255,719;-2,847
BE34;su;JJA;jours;14,045;24,386;32,279;10,342
BE34;su30;JJA;jours;1,535;4,773;7,838;3,238
BE34;swvl1;DJF;m3/m3;0,375;0,378;0,381;0,002
BE34;swvl1;JJA;m3/m3;0,311;0,29;0,274;-0,021
BE34;swvl1;MAM;m3/m3;0,357;0,339;0,335;-0,018
BE34;swvl1;SON;m3/m3;0,338;0,336;0,33;-0,003
BE34;swvl2;DJF;m3/m3;0,377;0,379;0,383;0,002
BE34;swvl2;JJA;m3/m3;0,302;0,276;0,258;-0,026
BE34;swvl2;MAM;m3/m3;0,357;0,339;0,334;-0,018
BE34;swvl2;SON;m3/m3;0,331;0,328;0,32;-0,003
BE34;t2m;DJF;degC;0,758;1,709;2,813;0,951
BE34;t2m;JJA;degC;15,112;16,4;17,487;1,289
BE34;t2m;MAM;degC;7,086;8,346;8,641;1,261
BE34;t2m;SON;degC;8,804;9,416;10,318;0,612
BE34;tp;DJF;mm;257,73;290,123;286,259;32,394
BE34;tp;JJA;mm;263,897;263,488;246,104;-0,409
BE34;tp;MAM;mm;269,431;237,979;236,115;-31,452
BE34;tp;SON;mm;243,365;245,348;235,923;1,983
BE34;tr;JJA;jours;0,013;0,186;0,144;0,173
BE34;txx;JJA;degC;29,985;32,614;34,367;2,629
BE35;fd;DJF;jours;47,143;40,346;32,673;-6,797
BE35;fd;MAM;jours;18,854;14,674;16,076;-4,18
BE35;prcptot;DJF;mm;214,151;247,906;250,9;33,756
BE35;prcptot;JJA;mm;227,896;226,196;201,854;-1,7
BE35;prcptot;MAM;mm;212,803;180,484;171,644;-32,319
BE35;prcptot;SON;mm;218,263;205,429;204,713;-12,835
BE35;su;JJA;jours;15,487;25,552;36,503;10,065
BE35;su30;JJA;jours;1,894;5,471;9,789;3,576
BE35;swvl1;DJF;m3/m3;0,387;0,389;0,392;0,001
BE35;swvl1;JJA;m3/m3;0,321;0,302;0,287;-0,019
BE35;swvl1;MAM;m3/m3;0,369;0,351;0,347;-0,017
BE35;swvl1;SON;m3/m3;0,346;0,343;0,341;-0,003
BE35;swvl2;DJF;m3/m3;0,389;0,39;0,394;0,001
BE35;swvl2;JJA;m3/m3;0,313;0,288;0,272;-0,025
BE35;swvl2;MAM;m3/m3;0,368;0,351;0,346;-0,017
BE35;swvl2;SON;m3/m3;0,337;0,333;0,331;-0,004
BE35;t2m;DJF;degC;1,843;2,775;3,853;0,932
BE35;t2m;JJA;degC;15,656;16,921;17,946;1,265
BE35;t2m;MAM;degC;7,799;9,057;9,339;1,257
BE35;t2m;SON;degC;9,663;10,291;11,157;0,628
BE35;tp;DJF;mm;217,148;248,671;247,299;31,523
BE35;tp;JJA;mm;245,348;249,09;230,105;3,742
BE35;tp;MAM;mm;245,244;214,018;210,929;-31,226
BE35;tp;SON;mm;214,839;214,359;209,527;-0,48
BE35;tr;JJA;jours;0,05;0,317;0,393;0,267
BE35;txx;JJA;degC;30,616;33,306;35,339;2,69
