INDICATEUR;SAISON;ANNEE;VALEUR;UNITE
fd;DJF;1961;34,351;jours
fd;DJF;1962;45,332;jours
fd;DJF;1963;78,169;jours
fd;DJF;1964;62,164;jours
fd;DJF;1965;53,082;jours
fd;DJF;1966;32,709;jours
fd;DJF;1967;32,339;jours
fd;DJF;1968;52,181;jours
fd;DJF;1969;51,953;jours
fd;DJF;1970;60,06;jours
fd;DJF;1971;39,643;jours
fd;DJF;1972;39,269;jours
fd;DJF;1973;44,974;jours
fd;DJF;1974;31,409;jours
fd;DJF;1975;23,909;jours
fd;DJF;1976;39,642;jours
fd;DJF;1977;44,775;jours
fd;DJF;1978;44,773;jours
fd;DJF;1979;68,749;jours
fd;DJF;1980;37,865;jours
fd;DJF;1981;55,124;jours
fd;DJF;1982;54,321;jours
fd;DJF;1983;44,17;jours
fd;DJF;1984;43,841;jours
fd;DJF;1985;55,08;jours
fd;DJF;1986;49,253;jours
fd;DJF;1987;50,133;jours
fd;DJF;1988;26,858;jours
fd;DJF;1989;20,405;jours
fd;DJF;1990;26,267;jours
fd;DJF;1991;51,755;jours
fd;DJF;1992;42,994;jours
fd;DJF;1993;35,473;jours
fd;DJF;1994;28,663;jours
fd;DJF;1995;25,217;jours
fd;DJF;1996;62,751;jours
fd;DJF;1997;46,983;jours
fd;DJF;1998;27,618;jours
fd;DJF;1999;31,6;jours
fd;DJF;2000;28,912;jours
fd;DJF;2001;35,827;jours
fd;DJF;2002;37,279;jours
fd;DJF;2003;46,205;jours
fd;DJF;2004;39,903;jours
fd;DJF;2005;46,377;jours
fd;DJF;2006;51,401;jours
fd;DJF;2007;17,801;jours
fd;DJF;2008;29,982;jours
fd;DJF;2009;52,026;jours
fd;DJF;2010;53,22;jours
fd;DJF;2011;48,849;jours
fd;DJF;2012;29,926;jours
fd;DJF;2013;45,478;jours
fd;DJF;2014;15,651;jours
fd;DJF;2015;39,633;jours
fd;DJF;2016;19,756;jours
fd;DJF;2017;39,628;jours
fd;DJF;2018;36,014;jours
fd;DJF;2019;33,144;jours
fd;DJF;2020;19,401;jours
fd;DJF;2021;30,589;jours
fd;DJF;2022;26,468;jours
fd;DJF;2023;34,996;jours
fd;DJF;2024;21,784;jours
fd;MAM;1961;6,7;jours
fd;MAM;1962;26,199;jours
fd;MAM;1963;12,919;jours
fd;MAM;1964;18,225;jours
fd;MAM;1965;14,653;jours
fd;MAM;1966;12,699;jours
fd;MAM;1967;11,576;jours
fd;MAM;1968;20,48;jours
fd;MAM;1969;24,357;jours
fd;MAM;1970;27,306;jours
fd;MAM;1971;21,979;jours
fd;MAM;1972;11,56;jours
fd;MAM;1973;24,832;jours
fd;MAM;1974;13,179;jours
fd;MAM;1975;17,454;jours
fd;MAM;1976;27,307;jours
fd;MAM;1977;16,729;jours
fd;MAM;1978;15,696;jours
fd;MAM;1979;20,043;jours
fd;MAM;1980;15,372;jours
fd;MAM;1981;10,146;jours
fd;MAM;1982;14,98;jours
fd;MAM;1983;12,182;jours
fd;MAM;1984;25,463;jours
fd;MAM;1985;18,418;jours
fd;MAM;1986;19,128;jours
fd;MAM;1987;20,703;jours
fd;MAM;1988;12,328;jours
fd;MAM;1989;5,841;jours
fd;MAM;1990;10,608;jours
fd;MAM;1991;10,696;jours
fd;MAM;1992;5,392;jours
fd;MAM;1993;14,725;jours
fd;MAM;1994;8,002;jours
fd;MAM;1995;13,633;jours
fd;MAM;1996;26,696;jours
fd;MAM;1997;8,755;jours
fd;MAM;1998;9,949;jours
fd;MAM;1999;4,981;jours
fd;MAM;2000;7,051;jours
fd;MAM;2001;11,401;jours
fd;MAM;2002;8,073;jours
fd;MAM;2003;14,331;jours
fd;MAM;2004;14,969;jours
fd;MAM;2005;10,76;jours
fd;MAM;2006;23,511;jours
fd;MAM;2007;4,853;jours
fd;MAM;2008;11,77;jours
fd;MAM;2009;7,94;jours
fd;MAM;2010;14,315;jours
fd;MAM;2011;10,345;jours
fd;MAM;2012;10,061;jours
fd;MAM;2013;27,221;jours
fd;MAM;2014;9,196;jours
fd;MAM;2015;15,475;jours
fd;MAM;2016;18,064;jours
fd;MAM;2017;11,328;jours
fd;MAM;2018;11,662;jours
fd;MAM;2019;9,482;jours
fd;MAM;2020;12,952;jours
fd;MAM;2021;21,343;jours
fd;MAM;2022;15,644;jours
fd;MAM;2023;13,298;jours
fd;MAM;2024;2,691;jours
prcptot;DJF;1961;276,684;mm
prcptot;DJF;1962;244,491;mm
prcptot;DJF;1963;155,598;mm
prcptot;DJF;1964;69,518;mm
prcptot;DJF;1965;226,218;mm
prcptot;DJF;1966;320,978;mm
prcptot;DJF;1967;280,846;mm
prcptot;DJF;1968;246,332;mm
prcptot;DJF;1969;157,701;mm
prcptot;DJF;1970;222,834;mm
prcptot;DJF;1971;134,838;mm
prcptot;DJF;1972;95,392;mm
prcptot;DJF;1973;118,731;mm
prcptot;DJF;1974;182,901;mm
prcptot;DJF;1975;204,282;mm
prcptot;DJF;1976;134,656;mm
prcptot;DJF;1977;199,888;mm
prcptot;DJF;1978;148,222;mm
prcptot;DJF;1979;220,028;mm
prcptot;DJF;1980;251,999;mm
prcptot;DJF;1981;240,571;mm
prcptot;DJF;1982;192,835;mm
prcptot;DJF;1983;244,26;mm
prcptot;DJF;1984;275,672;mm
prcptot;DJF;1985;121,629;mm
prcptot;DJF;1986;198,73;mm
prcptot;DJF;1987;215,49;mm
prcptot;DJF;1988;255,028;mm
prcptot;DJF;1989;180,056;mm
prcptot;DJF;1990;269,775;mm
prcptot;DJF;1991;201,537;mm
prcptot;DJF;1992;155,102;mm
prcptot;DJF;1993;199,164;mm
prcptot;DJF;1994;336,432;mm
prcptot;DJF;1995;391,475;mm
prcptot;DJF;1996;146,62;mm
prcptot;DJF;1997;140,915;mm
prcptot;DJF;1998;172,043;mm
prcptot;DJF;1999;265,081;mm
prcptot;DJF;2000;325,556;mm
prcptot;DJF;2001;245,933;mm
prcptot;DJF;2002;320,881;mm
prcptot;DJF;2003;239,755;mm
prcptot;DJF;2004;254,048;mm
prcptot;DJF;2005;190,848;mm
prcptot;DJF;2006;154,518;mm
prcptot;DJF;2007;279,367;mm
prcptot;DJF;2008;212,24;mm
prcptot;DJF;2009;163,421;mm
prcptot;DJF;2010;209,072;mm
prcptot;DJF;2011;190,847;mm
prcptot;DJF;2012;304,808;mm
prcptot;DJF;2013;250,046;mm
prcptot;DJF;2014;215,754;mm
prcptot;DJF;2015;262,536;mm
prcptot;DJF;2016;271,816;mm
prcptot;DJF;2017;130,489;mm
prcptot;DJF;2018;253,864;mm
prcptot;DJF;2019;228,723;mm
prcptot;DJF;2020;279,567;mm
prcptot;DJF;2021;268,083;mm
prcptot;DJF;2022;218,581;mm
prcptot;DJF;2023;198,983;mm
prcptot;DJF;2024;294,211;mm
prcptot;JJA;1961;214,491;mm
prcptot;JJA;1962;178,207;mm
prcptot;JJA;1963;244,695;mm
prcptot;JJA;1964;181,765;mm
prcptot;JJA;1965;313,475;mm
prcptot;JJA;1966;345,282;mm
prcptot;JJA;1967;150,934;mm
prcptot;JJA;1968;265,611;mm
prcptot;JJA;1969;293,772;mm
prcptot;JJA;1970;195,962;mm
prcptot;JJA;1971;214,443;mm
prcptot;JJA;1972;222,998;mm
prcptot;JJA;1973;134,038;mm
prcptot;JJA;1974;233,809;mm
prcptot;JJA;1975;192,546;mm
prcptot;JJA;1976;83,878;mm
prcptot;JJA;1977;249,32;mm
prcptot;JJA;1978;193,656;mm
prcptot;JJA;1979;172,923;mm
prcptot;JJA;1980;334,393;mm
prcptot;JJA;1981;231,806;mm
prcptot;JJA;1982;214,643;mm
prcptot;JJA;1983;144,71;mm
prcptot;JJA;1984;135,484;mm
prcptot;JJA;1985;248,545;mm
prcptot;JJA;1986;197,362;mm
prcptot;JJA;1987;317,471;mm
prcptot;JJA;1988;211,161;mm
prcptot;JJA;1989;164,395;mm
prcptot;JJA;1990;186,93;mm
prcptot;JJA;1991;197,757;mm
prcptot;JJA;1992;321,581;mm
prcptot;JJA;1993;188,845;mm
prcptot;JJA;1994;172,201;mm
prcptot;JJA;1995;159,534;mm
prcptot;JJA;1996;238,602;mm
prcptot;JJA;1997;233,881;mm
prcptot;JJA;1998;217,861;mm
prcptot;JJA;1999;211,947;mm
prcptot;JJA;2000;265,124;mm
prcptot;JJA;2001;206,677;mm
prcptot;JJA;2002;276,145;mm
prcptot;JJA;2003;165,737;mm
prcptot;JJA;2004;289,929;mm
prcptot;JJA;2005;235,069;mm
prcptot;JJA;2006;245,384;mm
prcptot;JJA;2007;308,488;mm
prcptot;JJA;2008;254,113;mm
prcptot;JJA;2009;182,853;mm
prcptot;JJA;2010;248,171;mm
prcptot;JJA;2011;260,377;mm
prcptot;JJA;2012;264,24;mm
prcptot;JJA;2013;152,565;mm
prcptot;JJA;2014;332,152;mm
prcptot;JJA;2015;198,204;mm
prcptot;JJA;2016;237,515;mm
prcptot;JJA;2017;196,829;mm
prcptot;JJA;2018;110,883;mm
prcptot;JJA;2019;164,515;mm
prcptot;JJA;2020;162,863;mm
prcptot;JJA;2021;328,527;mm
prcptot;JJA;2022;112,827;mm
prcptot;JJA;2023;246,702;mm
prcptot;JJA;2024;215,188;mm
prcptot;MAM;1961;174,949;mm
prcptot;MAM;1962;221,442;mm
prcptot;MAM;1963;162,079;mm
prcptot;MAM;1964;133,58;mm
prcptot;MAM;1965;254,848;mm
prcptot;MAM;1966;216,463;mm
prcptot;MAM;1967;178,028;mm
prcptot;MAM;1968;141,319;mm
prcptot;MAM;1969;204,557;mm
prcptot;MAM;1970;228,266;mm
prcptot;MAM;1971;143,77;mm
prcptot;MAM;1972;214,138;mm
prcptot;MAM;1973;184,877;mm
prcptot;MAM;1974;126,088;mm
prcptot;MAM;1975;190,413;mm
prcptot;MAM;1976;77,458;mm
prcptot;MAM;1977;191,724;mm
prcptot;MAM;1978;218,789;mm
prcptot;MAM;1979;284,687;mm
prcptot;MAM;1980;177,838;mm
prcptot;MAM;1981;232,868;mm
prcptot;MAM;1982;188,804;mm
prcptot;MAM;1983;300,205;mm
prcptot;MAM;1984;199,775;mm
prcptot;MAM;1985;216,351;mm
prcptot;MAM;1986;233,411;mm
prcptot;MAM;1987;206,481;mm
prcptot;MAM;1988;253,375;mm
prcptot;MAM;1989;213,802;mm
prcptot;MAM;1990;106,103;mm
prcptot;MAM;1991;113,088;mm
prcptot;MAM;1992;194,774;mm
prcptot;MAM;1993;102,317;mm
prcptot;MAM;1994;228,515;mm
prcptot;MAM;1995;190,875;mm
prcptot;MAM;1996;99,423;mm
prcptot;MAM;1997;162,465;mm
prcptot;MAM;1998;224,763;mm
prcptot;MAM;1999;191,595;mm
prcptot;MAM;2000;211,248;mm
prcptot;MAM;2001;251,819;mm
prcptot;MAM;2002;170,79;mm
prcptot;MAM;2003;174,178;mm
prcptot;MAM;2004;135,588;mm
prcptot;MAM;2005;153,369;mm
prcptot;MAM;2006;255,703;mm
prcptot;MAM;2007;171,314;mm
prcptot;MAM;2008;256,319;mm
prcptot;MAM;2009;183,73;mm
prcptot;MAM;2010;129,966;mm
prcptot;MAM;2011;54,538;mm
prcptot;MAM;2012;168,449;mm
prcptot;MAM;2013;151,446;mm
prcptot;MAM;2014;110,759;mm
prcptot;MAM;2015;138,305;mm
prcptot;MAM;2016;223,815;mm
prcptot;MAM;2017;105,327;mm
prcptot;MAM;2018;179,003;mm
prcptot;MAM;2019;179,637;mm
prcptot;MAM;2020;113,468;mm
prcptot;MAM;2021;159,17;mm
prcptot;MAM;2022;76,505;mm
prcptot;MAM;2023;224,417;mm
prcptot;MAM;2024;274,209;mm
prcptot;SON;1961;288,575;mm
prcptot;SON;1962;150,227;mm
prcptot;SON;1963;212,032;mm
prcptot;SON;1964;279,791;mm
prcptot;SON;1965;192,981;mm
prcptot;SON;1966;253,848;mm
prcptot;SON;1967;232,554;mm
prcptot;SON;1968;196,17;mm
prcptot;SON;1969;129,409;mm
prcptot;SON;1970;215,559;mm
prcptot;SON;1971;153,606;mm
prcptot;SON;1972;176,325;mm
prcptot;SON;1973;209,862;mm
prcptot;SON;1974;421,388;mm
prcptot;SON;1975;199,158;mm
prcptot;SON;1976;205,077;mm
prcptot;SON;1977;194,792;mm
prcptot;SON;1978;110,169;mm
prcptot;SON;1979;177,966;mm
prcptot;SON;1980;170,732;mm
prcptot;SON;1981;298,142;mm
prcptot;SON;1982;265,782;mm
prcptot;SON;1983;172,542;mm
prcptot;SON;1984;360,302;mm
prcptot;SON;1985;124,145;mm
prcptot;SON;1986;230,116;mm
prcptot;SON;1987;254,921;mm
prcptot;SON;1988;206,976;mm
prcptot;SON;1989;152,374;mm
prcptot;SON;1990;209,517;mm
prcptot;SON;1991;217,727;mm
prcptot;SON;1992;212,157;mm
prcptot;SON;1993;251,536;mm
prcptot;SON;1994;228,811;mm
prcptot;SON;1995;167,101;mm
prcptot;SON;1996;202,443;mm
prcptot;SON;1997;179,012;mm
prcptot;SON;1998;400,94;mm
prcptot;SON;1999;176,825;mm
prcptot;SON;2000;279,428;mm
prcptot;SON;2001;332,93;mm
prcptot;SON;2002;247,099;mm
prcptot;SON;2003;142,627;mm
prcptot;SON;2004;168,525;mm
prcptot;SON;2005;170,824;mm
prcptot;SON;2006;152,74;mm
prcptot;SON;2007;183,682;mm
prcptot;SON;2008;205,594;mm
prcptot;SON;2009;227,871;mm
prcptot;SON;2010;257,399;mm
prcptot;SON;2011;94,146;mm
prcptot;SON;2012;209,679;mm
prcptot;SON;2013;291,634;mm
prcptot;SON;2014;154,809;mm
prcptot;SON;2015;226,008;mm
prcptot;SON;2016;141,021;mm
prcptot;SON;2017;227,895;mm
prcptot;SON;2018;130,4;mm
prcptot;SON;2019;231,703;mm
prcptot;SON;2020;204,314;mm
prcptot;SON;2021;168,489;mm
prcptot;SON;2022;229,581;mm
prcptot;SON;2023;314,661;mm
prcptot;SON;2024;242,485;mm
su;JJA;1961;9,887;jours
su;JJA;1962;3,713;jours
su;JJA;1963;7,646;jours
su;JJA;1964;20,349;jours
su;JJA;1965;3,791;jours
su;JJA;1966;11,278;jours
su;JJA;1967;16,198;jours
su;JJA;1968;8,403;jours
su;JJA;1969;20,083;jours
su;JJA;1970;19,915;jours
su;JJA;1971;14,678;jours
su;JJA;1972;9,171;jours
su;JJA;1973;23,871;jours
su;JJA;1974;7,115;jours
su;JJA;1975;22,794;jours
su;JJA;1976;37,749;jours
su;JJA;1977;7,58;jours
su;JJA;1978;7,873;jours
su;JJA;1979;7,071;jours
su;JJA;1980;10,141;jours
su;JJA;1981;9,579;jours
su;JJA;1982;19,029;jours
su;JJA;1983;35,219;jours
su;JJA;1984;14,12;jours
su;JJA;1985;11,562;jours
su;JJA;1986;21,765;jours
su;JJA;1987;12,007;jours
su;JJA;1988;9,102;jours
su;JJA;1989;27,504;jours
su;JJA;1990;27,091;jours
su;JJA;1991;19,009;jours
su;JJA;1992;19,431;jours
su;JJA;1993;13,01;jours
su;JJA;1994;33,923;jours
su;JJA;1995;38,849;jours
su;JJA;1996;18,088;jours
su;JJA;1997;27,562;jours
su;JJA;1998;13,918;jours
su;JJA;1999;23,167;jours
su;JJA;2000;13,02;jours
su;JJA;2001;25,476;jours
su;JJA;2002;16,341;jours
su;JJA;2003;37,566;jours
su;JJA;2004;20,399;jours
su;JJA;2005;25,957;jours
su;JJA;2006;35,027;jours
su;JJA;2007;11,606;jours
su;JJA;2008;15,839;jours
su;JJA;2009;28,903;jours
su;JJA;2010;28,555;jours
su;JJA;2011;13,433;jours
su;JJA;2012;18,916;jours
su;JJA;2013;29,319;jours
su;JJA;2014;19,381;jours
su;JJA;2015;35,448;jours
su;JJA;2016;24,146;jours
su;JJA;2017;29,933;jours
su;JJA;2018;46,311;jours
su;JJA;2019;37,979;jours
su;JJA;2020;32,143;jours
su;JJA;2021;25,909;jours
su;JJA;2022;48,765;jours
su;JJA;2023;38,427;jours
su;JJA;2024;32,445;jours
su30;JJA;1961;1,627;jours
su30;JJA;1962;0,007;jours
su30;JJA;1963;0,054;jours
su30;JJA;1964;3,927;jours
su30;JJA;1965;0,0;jours
su30;JJA;1966;0,849;jours
su30;JJA;1967;1,512;jours
su30;JJA;1968;1,772;jours
su30;JJA;1969;2,016;jours
su30;JJA;1970;0,217;jours
su30;JJA;1971;0,366;jours
su30;JJA;1972;1,016;jours
su30;JJA;1973;2,199;jours
su30;JJA;1974;0,583;jours
su30;JJA;1975;5,621;jours
su30;JJA;1976;15,247;jours
su30;JJA;1977;0,553;jours
su30;JJA;1978;0,721;jours
su30;JJA;1979;0,008;jours
su30;JJA;1980;0,419;jours
su30;JJA;1981;0,561;jours
su30;JJA;1982;1,596;jours
su30;JJA;1983;4,342;jours
su30;JJA;1984;2,051;jours
su30;JJA;1985;0,519;jours
su30;JJA;1986;1,625;jours
su30;JJA;1987;1,322;jours
su30;JJA;1988;0,0;jours
su30;JJA;1989;2,701;jours
su30;JJA;1990;5,678;jours
su30;JJA;1991;1,822;jours
su30;JJA;1992;2,11;jours
su30;JJA;1993;0,553;jours
su30;JJA;1994;9,617;jours
su30;JJA;1995;11,675;jours
su30;JJA;1996;2,554;jours
su30;JJA;1997;4,421;jours
su30;JJA;1998;3,897;jours
su30;JJA;1999;2,302;jours
su30;JJA;2000;2,067;jours
su30;JJA;2001;5,071;jours
su30;JJA;2002;5,01;jours
su30;JJA;2003;11,081;jours
su30;JJA;2004;2,329;jours
su30;JJA;2005;4,774;jours
su30;JJA;2006;10,804;jours
su30;JJA;2007;1,494;jours
su30;JJA;2008;0,907;jours
su30;JJA;2009;3,361;jours
su30;JJA;2010;6,928;jours
su30;JJA;2011;2,32;jours
su30;JJA;2012;3,438;jours
su30;JJA;2013;5,982;jours
su30;JJA;2014;2,631;jours
su30;JJA;2015;9,792;jours
su30;JJA;2016;6,14;jours
su30;JJA;2017;5,725;jours
su30;JJA;2018;12,398;jours
su30;JJA;2019;11,708;jours
su30;JJA;2020;12,006;jours
su30;JJA;2021;2,622;jours
su30;JJA;2022;15,746;jours
su30;JJA;2023;7,881;jours
su30;JJA;2024;8,045;jours
swvl1;DJF;1961;0,361;m3/m3
swvl1;DJF;1962;0,361;m3/m3
swvl1;DJF;1963;0,345;m3/m3
swvl1;DJF;1964;0,339;m3/m3
swvl1;DJF;1965;0,358;m3/m3
swvl1;DJF;1966;0,365;m3/m3
swvl1;DJF;1967;0,36;m3/m3
swvl1;DJF;1968;0,364;m3/m3
swvl1;DJF;1969;0,355;m3/m3
swvl1;DJF;1970;0,364;m3/m3
swvl1;DJF;1971;0,352;m3/m3
swvl1;DJF;1972;0,351;m3/m3
swvl1;DJF;1973;0,342;m3/m3
swvl1;DJF;1974;0,359;m3/m3
swvl1;DJF;1975;0,358;m3/m3
swvl1;DJF;1976;0,351;m3/m3
swvl1;DJF;1977;0,363;m3/m3
swvl1;DJF;1978;0,359;m3/m3
swvl1;DJF;1979;0,357;m3/m3
swvl1;DJF;1980;0,359;m3/m3
swvl1;DJF;1981;0,361;m3/m3
swvl1;DJF;1982;0,358;m3/m3
swvl1;DJF;1983;0,361;m3/m3
swvl1;DJF;1984;0,358;m3/m3
swvl1;DJF;1985;0,349;m3/m3
swvl1;DJF;1986;0,353;m3/m3
swvl1;DJF;1987;0,356;m3/m3
swvl1;DJF;1988;0,362;m3/m3
swvl1;DJF;1989;0,352;m3/m3
swvl1;DJF;1990;0,347;m3/m3
swvl1;DJF;1991;0,351;m3/m3
swvl1;DJF;1992;0,344;m3/m3
swvl1;DJF;1993;0,353;m3/m3
swvl1;DJF;1994;0,368;m3/m3
swvl1;DJF;1995;0,368;m3/m3
swvl1;DJF;1996;0,337;m3/m3
swvl1;DJF;1997;0,353;m3/m3
swvl1;DJF;1998;0,348;m3/m3
swvl1;DJF;1999;0,367;m3/m3
swvl1;DJF;2000;0,363;m3/m3
swvl1;DJF;2001;0,364;m3/m3
swvl1;DJF;2002;0,363;m3/m3
swvl1;DJF;2003;0,355;m3/m3
swvl1;DJF;2004;0,356;m3/m3
swvl1;DJF;2005;0,352;m3/m3
swvl1;DJF;2006;0,35;m3/m3
swvl1;DJF;2007;0,362;m3/m3
swvl1;DJF;2008;0,353;m3/m3
swvl1;DJF;2009;0,353;m3/m3
swvl1;DJF;2010;0,362;m3/m3
swvl1;DJF;2011;0,357;m3/m3
swvl1;DJF;2012;0,362;m3/m3
swvl1;DJF;2013;0,361;m3/m3
swvl1;DJF;2014;0,362;m3/m3
swvl1;DJF;2015;0,366;m3/m3
swvl1;DJF;2016;0,367;m3/m3
swvl1;DJF;2017;0,343;m3/m3
swvl1;DJF;2018;0,364;m3/m3
swvl1;DJF;2019;0,355;m3/m3
swvl1;DJF;2020;0,366;m3/m3
swvl1;DJF;2021;0,364;m3/m3
swvl1;DJF;2022;0,363;m3/m3
swvl1;DJF;2023;0,352;m3/m3
swvl1;DJF;2024;0,367;m3/m3
swvl1;JJA;1961;0,257;m3/m3
swvl1;JJA;1962;0,244;m3/m3
swvl1;JJA;1963;0,3;m3/m3
swvl1;JJA;1964;0,246;m3/m3
swvl1;JJA;1965;0,328;m3/m3
swvl1;JJA;1966;0,313;m3/m3
swvl1;JJA;1967;0,284;m3/m3
swvl1;JJA;1968;0,326;m3/m3
swvl1;JJA;1969;0,314;m3/m3
swvl1;JJA;1970;0,286;m3/m3
swvl1;JJA;1971;0,292;m3/m3
swvl1;JJA;1972;0,342;m3/m3
swvl1;JJA;1973;0,264;m3/m3
swvl1;JJA;1974;0,305;m3/m3
swvl1;JJA;1975;0,282;m3/m3
swvl1;JJA;1976;0,19;m3/m3
swvl1;JJA;1977;0,31;m3/m3
swvl1;JJA;1978;0,307;m3/m3
swvl1;JJA;1979;0,3;m3/m3
swvl1;JJA;1980;0,326;m3/m3
swvl1;JJA;1981;0,328;m3/m3
swvl1;JJA;1982;0,29;m3/m3
swvl1;JJA;1983;0,253;m3/m3
swvl1;JJA;1984;0,283;m3/m3
swvl1;JJA;1985;0,322;m3/m3
swvl1;JJA;1986;0,268;m3/m3
swvl1;JJA;1987;0,338;m3/m3
swvl1;JJA;1988;0,284;m3/m3
swvl1;JJA;1989;0,222;m3/m3
swvl1;JJA;1990;0,243;m3/m3
swvl1;JJA;1991;0,28;m3/m3
swvl1;JJA;1992;0,299;m3/m3
swvl1;JJA;1993;0,264;m3/m3
swvl1;JJA;1994;0,25;m3/m3
swvl1;JJA;1995;0,244;m3/m3
swvl1;JJA;1996;0,245;m3/m3
swvl1;JJA;1997;0,293;m3/m3
swvl1;JJA;1998;0,295;m3/m3
swvl1;JJA;1999;0,269;m3/m3
swvl1;JJA;2000;0,318;m3/m3
swvl1;JJA;2001;0,273;m3/m3
swvl1;JJA;2002;0,292;m3/m3
swvl1;JJA;2003;0,229;m3/m3
swvl1;JJA;2004;0,295;m3/m3
swvl1;JJA;2005;0,276;m3/m3
swvl1;JJA;2006;0,277;m3/m3
swvl1;JJA;2007;0,332;m3/m3
swvl1;JJA;2008;0,315;m3/m3
swvl1;JJA;2009;0,268;m3/m3
swvl1;JJA;2010;0,263;m3/m3
swvl1;JJA;2011;0,294;m3/m3
swvl1;JJA;2012;0,313;m3/m3
swvl1;JJA;2013;0,257;m3/m3
swvl1;JJA;2014;0,3;m3/m3
swvl1;JJA;2015;0,242;m3/m3
swvl1;JJA;2016;0,314;m3/m3
swvl1;JJA;2017;0,258;m3/m3
swvl1;JJA;2018;0,208;m3/m3
swvl1;JJA;2019;0,236;m3/m3
swvl1;JJA;2020;0,219;m3/m3
swvl1;JJA;2021;0,328;m3/m3
swvl1;JJA;2022;0,217;m3/m3
swvl1;JJA;2023;0,257;m3/m3
swvl1;JJA;2024;0,315;m3/m3
swvl1;MAM;1961;0,321;m3/m3
swvl1;MAM;1962;0,336;m3/m3
swvl1;MAM;1963;0,341;m3/m3
swvl1;MAM;1964;0,329;m3/m3
swvl1;MAM;1965;0,342;m3/m3
swvl1;MAM;1966;0,338;m3/m3
swvl1;MAM;1967;0,341;m3/m3
swvl1;MAM;1968;0,324;m3/m3
swvl1;MAM;1969;0,348;m3/m3
swvl1;MAM;1970;0,354;m3/m3
swvl1;MAM;1971;0,317;m3/m3
swvl1;MAM;1972;0,347;m3/m3
swvl1;MAM;1973;0,345;m3/m3
swvl1;MAM;1974;0,311;m3/m3
swvl1;MAM;1975;0,346;m3/m3
swvl1;MAM;1976;0,28;m3/m3
swvl1;MAM;1977;0,346;m3/m3
swvl1;MAM;1978;0,347;m3/m3
swvl1;MAM;1979;0,354;m3/m3
swvl1;MAM;1980;0,322;m3/m3
swvl1;MAM;1981;0,348;m3/m3
swvl1;MAM;1982;0,326;m3/m3
swvl1;MAM;1983;0,365;m3/m3
swvl1;MAM;1984;0,33;m3/m3
swvl1;MAM;1985;0,351;m3/m3
swvl1;MAM;1986;0,345;m3/m3
swvl1;MAM;1987;0,34;m3/m3
swvl1;MAM;1988;0,328;m3/m3
swvl1;MAM;1989;0,329;m3/m3
swvl1;MAM;1990;0,306;m3/m3
swvl1;MAM;1991;0,311;m3/m3
swvl1;MAM;1992;0,327;m3/m3
swvl1;MAM;1993;0,308;m3/m3
swvl1;MAM;1994;0,345;m3/m3
swvl1;MAM;1995;0,332;m3/m3
swvl1;MAM;1996;0,305;m3/m3
swvl1;MAM;1997;0,315;m3/m3
swvl1;MAM;1998;0,334;m3/m3
swvl1;MAM;1999;0,338;m3/m3
swvl1;MAM;2000;0,347;m3/m3
swvl1;MAM;2001;0,345;m3/m3
swvl1;MAM;2002;0,316;m3/m3
swvl1;MAM;2003;0,306;m3/m3
swvl1;MAM;2004;0,321;m3/m3
swvl1;MAM;2005;0,341;m3/m3
swvl1;MAM;2006;0,347;m3/m3
swvl1;MAM;2007;0,293;m3/m3
swvl1;MAM;2008;0,334;m3/m3
swvl1;MAM;2009;0,331;m3/m3
swvl1;MAM;2010;0,314;m3/m3
swvl1;MAM;2011;0,252;m3/m3
swvl1;MAM;2012;0,327;m3/m3
swvl1;MAM;2013;0,333;m3/m3
swvl1;MAM;2014;0,3;m3/m3
swvl1;MAM;2015;0,312;m3/m3
swvl1;MAM;2016;0,334;m3/m3
swvl1;MAM;2017;0,297;m3/m3
swvl1;MAM;2018;0,324;m3/m3
swvl1;MAM;2019;0,32;m3/m3
swvl1;MAM;2020;0,258;m3/m3
swvl1;MAM;2021;0,321;m3/m3
swvl1;MAM;2022;0,278;m3/m3
swvl1;MAM;2023;0,341;m3/m3
swvl1;MAM;2024;0,358;m3/m3
swvl1;SON;1961;0,3;m3/m3
swvl1;SON;1962;0,291;m3/m3
swvl1;SON;1963;0,325;m3/m3
swvl1;SON;1964;0,299;m3/m3
swvl1;SON;1965;0,33;m3/m3
swvl1;SON;1966;0,324;m3/m3
swvl1;SON;1967;0,333;m3/m3
swvl1;SON;1968;0,35;m3/m3
swvl1;SON;1969;0,293;m3/m3
swvl1;SON;1970;0,317;m3/m3
swvl1;SON;1971;0,281;m3/m3
swvl1;SON;1972;0,314;m3/m3
swvl1;SON;1973;0,306;m3/m3
swvl1;SON;1974;0,36;m3/m3
swvl1;SON;1975;0,319;m3/m3
swvl1;SON;1976;0,316;m3/m3
swvl1;SON;1977;0,321;m3/m3
swvl1;SON;1978;0,295;m3/m3
swvl1;SON;1979;0,304;m3/m3
swvl1;SON;1980;0,331;m3/m3
swvl1;SON;1981;0,341;m3/m3
swvl1;SON;1982;0,324;m3/m3
swvl1;SON;1983;0,277;m3/m3
swvl1;SON;1984;0,348;m3/m3
swvl1;SON;1985;0,297;m3/m3
swvl1;SON;1986;0,321;m3/m3
swvl1;SON;1987;0,348;m3/m3
swvl1;SON;1988;0,323;m3/m3
swvl1;SON;1989;0,294;m3/m3
swvl1;SON;1990;0,3;m3/m3
swvl1;SON;1991;0,274;m3/m3
swvl1;SON;1992;0,329;m3/m3
swvl1;SON;1993;0,338;m3/m3
swvl1;SON;1994;0,33;m3/m3
swvl1;SON;1995;0,297;m3/m3
swvl1;SON;1996;0,326;m3/m3
swvl1;SON;1997;0,291;m3/m3
swvl1;SON;1998;0,36;m3/m3
swvl1;SON;1999;0,301;m3/m3
swvl1;SON;2000;0,352;m3/m3
swvl1;SON;2001;0,346;m3/m3
swvl1;SON;2002;0,329;m3/m3
swvl1;SON;2003;0,28;m3/m3
swvl1;SON;2004;0,308;m3/m3
swvl1;SON;2005;0,301;m3/m3
swvl1;SON;2006;0,321;m3/m3
swvl1;SON;2007;0,334;m3/m3
swvl1;SON;2008;0,332;m3/m3
swvl1;SON;2009;0,289;m3/m3
swvl1;SON;2010;0,342;m3/m3
swvl1;SON;2011;0,297;m3/m3
swvl1;SON;2012;0,321;m3/m3
swvl1;SON;2013;0,329;m3/m3
swvl1;SON;2014;0,338;m3/m3
swvl1;SON;2015;0,325;m3/m3
swvl1;SON;2016;0,269;m3/m3
swvl1;SON;2017;0,328;m3/m3
swvl1;SON;2018;0,267;m3/m3
swvl1;SON;2019;0,313;m3/m3
swvl1;SON;2020;0,296;m3/m3
swvl1;SON;2021;0,332;m3/m3
swvl1;SON;2022;0,329;m3/m3
swvl1;SON;2023;0,334;m3/m3
swvl1;SON;2024;0,34;m3/m3
swvl2;DJF;1961;0,363;m3/m3
swvl2;DJF;1962;0,364;m3/m3
swvl2;DJF;1963;0,341;m3/m3
swvl2;DJF;1964;0,34;m3/m3
swvl2;DJF;1965;0,359;m3/m3
swvl2;DJF;1966;0,366;m3/m3
swvl2;DJF;1967;0,362;m3/m3
swvl2;DJF;1968;0,367;m3/m3
swvl2;DJF;1969;0,357;m3/m3
swvl2;DJF;1970;0,366;m3/m3
swvl2;DJF;1971;0,353;m3/m3
swvl2;DJF;1972;0,352;m3/m3
swvl2;DJF;1973;0,343;m3/m3
swvl2;DJF;1974;0,361;m3/m3
swvl2;DJF;1975;0,362;m3/m3
swvl2;DJF;1976;0,354;m3/m3
swvl2;DJF;1977;0,364;m3/m3
swvl2;DJF;1978;0,361;m3/m3
swvl2;DJF;1979;0,356;m3/m3
swvl2;DJF;1980;0,361;m3/m3
swvl2;DJF;1981;0,364;m3/m3
swvl2;DJF;1982;0,36;m3/m3
swvl2;DJF;1983;0,364;m3/m3
swvl2;DJF;1984;0,356;m3/m3
swvl2;DJF;1985;0,352;m3/m3
swvl2;DJF;1986;0,355;m3/m3
swvl2;DJF;1987;0,356;m3/m3
swvl2;DJF;1988;0,365;m3/m3
swvl2;DJF;1989;0,354;m3/m3
swvl2;DJF;1990;0,347;m3/m3
swvl2;DJF;1991;0,352;m3/m3
swvl2;DJF;1992;0,347;m3/m3
swvl2;DJF;1993;0,356;m3/m3
swvl2;DJF;1994;0,369;m3/m3
swvl2;DJF;1995;0,37;m3/m3
swvl2;DJF;1996;0,335;m3/m3
swvl2;DJF;1997;0,354;m3/m3
swvl2;DJF;1998;0,35;m3/m3
swvl2;DJF;1999;0,369;m3/m3
swvl2;DJF;2000;0,363;m3/m3
swvl2;DJF;2001;0,367;m3/m3
swvl2;DJF;2002;0,366;m3/m3
swvl2;DJF;2003;0,358;m3/m3
swvl2;DJF;2004;0,355;m3/m3
swvl2;DJF;2005;0,354;m3/m3
swvl2;DJF;2006;0,349;m3/m3
swvl2;DJF;2007;0,364;m3/m3
swvl2;DJF;2008;0,356;m3/m3
swvl2;DJF;2009;0,355;m3/m3
swvl2;DJF;2010;0,364;m3/m3
swvl2;DJF;2011;0,359;m3/m3
swvl2;DJF;2012;0,361;m3/m3
swvl2;DJF;2013;0,363;m3/m3
swvl2;DJF;2014;0,365;m3/m3
swvl2;DJF;2015;0,368;m3/m3
swvl2;DJF;2016;0,369;m3/m3
swvl2;DJF;2017;0,343;m3/m3
swvl2;DJF;2018;0,367;m3/m3
swvl2;DJF;2019;0,355;m3/m3
swvl2;DJF;2020;0,368;m3/m3
swvl2;DJF;2021;0,365;m3/m3
swvl2;DJF;2022;0,365;m3/m3
swvl2;DJF;2023;0,355;m3/m3
swvl2;DJF;2024;0,37;m3/m3
swvl2;JJA;1961;0,244;m3/m3
swvl2;JJA;1962;0,235;m3/m3
swvl2;JJA;1963;0,295;m3/m3
swvl2;JJA;1964;0,235;m3/m3
swvl2;JJA;1965;0,323;m3/m3
swvl2;JJA;1966;0,306;m3/m3
swvl2;JJA;1967;0,271;m3/m3
swvl2;JJA;1968;0,318;m3/m3
swvl2;JJA;1969;0,309;m3/m3
swvl2;JJA;1970;0,273;m3/m3
swvl2;JJA;1971;0,287;m3/m3
swvl2;JJA;1972;0,343;m3/m3
swvl2;JJA;1973;0,262;m3/m3
swvl2;JJA;1974;0,295;m3/m3
swvl2;JJA;1975;0,274;m3/m3
swvl2;JJA;1976;0,184;m3/m3
swvl2;JJA;1977;0,304;m3/m3
swvl2;JJA;1978;0,301;m3/m3
swvl2;JJA;1979;0,292;m3/m3
swvl2;JJA;1980;0,317;m3/m3
swvl2;JJA;1981;0,328;m3/m3
swvl2;JJA;1982;0,275;m3/m3
swvl2;JJA;1983;0,25;m3/m3
swvl2;JJA;1984;0,28;m3/m3
swvl2;JJA;1985;0,316;m3/m3
swvl2;JJA;1986;0,25;m3/m3
swvl2;JJA;1987;0,338;m3/m3
swvl2;JJA;1988;0,277;m3/m3
swvl2;JJA;1989;0,197;m3/m3
swvl2;JJA;1990;0,227;m3/m3
swvl2;JJA;1991;0,274;m3/m3
swvl2;JJA;1992;0,291;m3/m3
swvl2;JJA;1993;0,251;m3/m3
swvl2;JJA;1994;0,237;m3/m3
swvl2;JJA;1995;0,235;m3/m3
swvl2;JJA;1996;0,228;m3/m3
swvl2;JJA;1997;0,288;m3/m3
swvl2;JJA;1998;0,289;m3/m3
swvl2;JJA;1999;0,253;m3/m3
swvl2;JJA;2000;0,318;m3/m3
swvl2;JJA;2001;0,257;m3/m3
swvl2;JJA;2002;0,278;m3/m3
swvl2;JJA;2003;0,22;m3/m3
swvl2;JJA;2004;0,275;m3/m3
swvl2;JJA;2005;0,267;m3/m3
swvl2;JJA;2006;0,266;m3/m3
swvl2;JJA;2007;0,324;m3/m3
swvl2;JJA;2008;0,306;m3/m3
swvl2;JJA;2009;0,258;m3/m3
swvl2;JJA;2010;0,243;m3/m3
swvl2;JJA;2011;0,264;m3/m3
swvl2;JJA;2012;0,308;m3/m3
swvl2;JJA;2013;0,25;m3/m3
swvl2;JJA;2014;0,288;m3/m3
swvl2;JJA;2015;0,216;m3/m3
swvl2;JJA;2016;0,314;m3/m3
swvl2;JJA;2017;0,231;m3/m3
swvl2;JJA;2018;0,201;m3/m3
swvl2;JJA;2019;0,221;m3/m3
swvl2;JJA;2020;0,184;m3/m3
swvl2;JJA;2021;0,327;m3/m3
swvl2;JJA;2022;0,206;m3/m3
swvl2;JJA;2023;0,249;m3/m3
swvl2;JJA;2024;0,309;m3/m3
swvl2;MAM;1961;0,32;m3/m3
swvl2;MAM;1962;0,334;m3/m3
swvl2;MAM;1963;0,34;m3/m3
swvl2;MAM;1964;0,329;m3/m3
swvl2;MAM;1965;0,342;m3/m3
swvl2;MAM;1966;0,339;m3/m3
swvl2;MAM;1967;0,34;m3/m3
swvl2;MAM;1968;0,321;m3/m3
swvl2;MAM;1969;0,348;m3/m3
swvl2;MAM;1970;0,355;m3/m3
swvl2;MAM;1971;0,316;m3/m3
swvl2;MAM;1972;0,347;m3/m3
swvl2;MAM;1973;0,344;m3/m3
swvl2;MAM;1974;0,309;m3/m3
swvl2;MAM;1975;0,347;m3/m3
swvl2;MAM;1976;0,279;m3/m3
swvl2;MAM;1977;0,348;m3/m3
swvl2;MAM;1978;0,349;m3/m3
swvl2;MAM;1979;0,352;m3/m3
swvl2;MAM;1980;0,324;m3/m3
swvl2;MAM;1981;0,347;m3/m3
swvl2;MAM;1982;0,323;m3/m3
swvl2;MAM;1983;0,366;m3/m3
swvl2;MAM;1984;0,33;m3/m3
swvl2;MAM;1985;0,352;m3/m3
swvl2;MAM;1986;0,344;m3/m3
swvl2;MAM;1987;0,338;m3/m3
swvl2;MAM;1988;0,325;m3/m3
swvl2;MAM;1989;0,338;m3/m3
swvl2;MAM;1990;0,311;m3/m3
swvl2;MAM;1991;0,312;m3/m3
swvl2;MAM;1992;0,329;m3/m3
swvl2;MAM;1993;0,303;m3/m3
swvl2;MAM;1994;0,343;m3/m3
swvl2;MAM;1995;0,331;m3/m3
swvl2;MAM;1996;0,302;m3/m3
swvl2;MAM;1997;0,316;m3/m3
swvl2;MAM;1998;0,337;m3/m3
swvl2;MAM;1999;0,337;m3/m3
swvl2;MAM;2000;0,346;m3/m3
swvl2;MAM;2001;0,35;m3/m3
swvl2;MAM;2002;0,314;m3/m3
swvl2;MAM;2003;0,305;m3/m3
swvl2;MAM;2004;0,322;m3/m3
swvl2;MAM;2005;0,341;m3/m3
swvl2;MAM;2006;0,345;m3/m3
swvl2;MAM;2007;0,295;m3/m3
swvl2;MAM;2008;0,334;m3/m3
swvl2;MAM;2009;0,331;m3/m3
swvl2;MAM;2010;0,313;m3/m3
swvl2;MAM;2011;0,254;m3/m3
swvl2;MAM;2012;0,328;m3/m3
swvl2;MAM;2013;0,33;m3/m3
swvl2;MAM;2014;0,294;m3/m3
swvl2;MAM;2015;0,312;m3/m3
swvl2;MAM;2016;0,332;m3/m3
swvl2;MAM;2017;0,296;m3/m3
swvl2;MAM;2018;0,323;m3/m3
swvl2;MAM;2019;0,317;m3/m3
swvl2;MAM;2020;0,265;m3/m3
swvl2;MAM;2021;0,317;m3/m3
swvl2;MAM;2022;0,278;m3/m3
swvl2;MAM;2023;0,345;m3/m3
swvl2;MAM;2024;0,359;m3/m3
swvl2;SON;1961;0,284;m3/m3
swvl2;SON;1962;0,28;m3/m3
swvl2;SON;1963;0,321;m3/m3
swvl2;SON;1964;0,283;m3/m3
swvl2;SON;1965;0,328;m3/m3
swvl2;SON;1966;0,318;m3/m3
swvl2;SON;1967;0,322;m3/m3
swvl2;SON;1968;0,351;m3/m3
swvl2;SON;1969;0,29;m3/m3
swvl2;SON;1970;0,308;m3/m3
swvl2;SON;1971;0,269;m3/m3
swvl2;SON;1972;0,313;m3/m3
swvl2;SON;1973;0,288;m3/m3
swvl2;SON;1974;0,355;m3/m3
swvl2;SON;1975;0,311;m3/m3
swvl2;SON;1976;0,288;m3/m3
swvl2;SON;1977;0,317;m3/m3
swvl2;SON;1978;0,285;m3/m3
swvl2;SON;1979;0,297;m3/m3
swvl2;SON;1980;0,329;m3/m3
swvl2;SON;1981;0,34;m3/m3
swvl2;SON;1982;0,318;m3/m3
swvl2;SON;1983;0,255;m3/m3
swvl2;SON;1984;0,344;m3/m3
swvl2;SON;1985;0,292;m3/m3
swvl2;SON;1986;0,316;m3/m3
swvl2;SON;1987;0,35;m3/m3
swvl2;SON;1988;0,313;m3/m3
swvl2;SON;1989;0,272;m3/m3
swvl2;SON;1990;0,279;m3/m3
swvl2;SON;1991;0,261;m3/m3
swvl2;SON;1992;0,324;m3/m3
swvl2;SON;1993;0,331;m3/m3
swvl2;SON;1994;0,32;m3/m3
swvl2;SON;1995;0,277;m3/m3
swvl2;SON;1996;0,32;m3/m3
swvl2;SON;1997;0,289;m3/m3
swvl2;SON;1998;0,356;m3/m3
swvl2;SON;1999;0,286;m3/m3
swvl2;SON;2000;0,35;m3/m3
swvl2;SON;2001;0,339;m3/m3
swvl2;SON;2002;0,323;m3/m3
swvl2;SON;2003;0,26;m3/m3
swvl2;SON;2004;0,297;m3/m3
swvl2;SON;2005;0,292;m3/m3
swvl2;SON;2006;0,315;m3/m3
swvl2;SON;2007;0,332;m3/m3
swvl2;SON;2008;0,326;m3/m3
swvl2;SON;2009;0,271;m3/m3
swvl2;SON;2010;0,34;m3/m3
swvl2;SON;2011;0,291;m3/m3
swvl2;SON;2012;0,313;m3/m3
swvl2;SON;2013;0,32;m3/m3
swvl2;SON;2014;0,337;m3/m3
swvl2;SON;2015;0,314;m3/m3
swvl2;SON;2016;0,254;m3/m3
swvl2;SON;2017;0,316;m3/m3
swvl2;SON;2018;0,255;m3/m3
swvl2;SON;2019;0,295;m3/m3
swvl2;SON;2020;0,283;m3/m3
swvl2;SON;2021;0,332;m3/m3
swvl2;SON;2022;0,311;m3/m3
swvl2;SON;2023;0,331;m3/m3
swvl2;SON;2024;0,336;m3/m3
t2m;DJF;1961;3,641;degC
t2m;DJF;1962;2,612;degC
t2m;DJF;1963;-3,172;degC
t2m;DJF;1964;1,125;degC
t2m;DJF;1965;1,546;degC
t2m;DJF;1966;3,58;degC
t2m;DJF;1967;3,641;degC
t2m;DJF;1968;1,539;degC
t2m;DJF;1969;1,422;degC
t2m;DJF;1970;0,615;degC
t2m;DJF;1971;2,417;degC
t2m;DJF;1972;3,375;degC
t2m;DJF;1973;2,672;degC
t2m;DJF;1974;3,973;degC
t2m;DJF;1975;5,18;degC
t2m;DJF;1976;2,755;degC
t2m;DJF;1977;2,596;degC
t2m;DJF;1978;2,542;degC
t2m;DJF;1979;-0,59;degC
t2m;DJF;1980;3,426;degC
t2m;DJF;1981;1,718;degC
t2m;DJF;1982;1,387;degC
t2m;DJF;1983;2,784;degC
t2m;DJF;1984;2,679;degC
t2m;DJF;1985;-0,05;degC
t2m;DJF;1986;1,219;degC
t2m;DJF;1987;0,78;degC
t2m;DJF;1988;4,295;degC
t2m;DJF;1989;5,077;degC
t2m;DJF;1990;5,397;degC
t2m;DJF;1991;1,737;degC
t2m;DJF;1992;3,028;degC
t2m;DJF;1993;3,429;degC
t2m;DJF;1994;3,787;degC
t2m;DJF;1995;4,854;degC
t2m;DJF;1996;0,931;degC
t2m;DJF;1997;1,566;degC
t2m;DJF;1998;4,332;degC
t2m;DJF;1999;3,552;degC
t2m;DJF;2000;3,962;degC
t2m;DJF;2001;3,94;degC
t2m;DJF;2002;3,806;degC
t2m;DJF;2003;2,321;degC
t2m;DJF;2004;3,36;degC
t2m;DJF;2005;2,438;degC
t2m;DJF;2006;1,833;degC
t2m;DJF;2007;5,73;degC
t2m;DJF;2008;4,354;degC
t2m;DJF;2009;1,433;degC
t2m;DJF;2010;0,985;degC
t2m;DJF;2011;1,852;degC
t2m;DJF;2012;3,059;degC
t2m;DJF;2013;2,059;degC
t2m;DJF;2014;5,218;degC
t2m;DJF;2015;3,016;degC
t2m;DJF;2016;5,512;degC
t2m;DJF;2017;3,173;degC
t2m;DJF;2018;3,131;degC
t2m;DJF;2019;4,379;degC
t2m;DJF;2020;5,644;degC
t2m;DJF;2021;4,006;degC
t2m;DJF;2022;4,844;degC
t2m;DJF;2023;4,362;degC
t2m;DJF;2024;5,534;degC
t2m;JJA;1961;15,691;degC
t2m;JJA;1962;14,967;degC
t2m;JJA;1963;15,687;degC
t2m;JJA;1964;16,684;degC
t2m;JJA;1965;15,068;degC
t2m;JJA;1966;15,745;degC
t2m;JJA;1967;16,362;degC
t2m;JJA;1968;15,712;degC
t2m;JJA;1969;16,272;degC
t2m;JJA;1970;16,524;degC
t2m;JJA;1971;16,19;degC
t2m;JJA;1972;15,191;degC
t2m;JJA;1973;16,91;degC
t2m;JJA;1974;15,3;degC
t2m;JJA;1975;16,995;degC
t2m;JJA;1976;18,46;degC
t2m;JJA;1977;15,24;degC
t2m;JJA;1978;14,68;degC
t2m;JJA;1979;15,453;degC
t2m;JJA;1980;15,277;degC
t2m;JJA;1981;15,516;degC
t2m;JJA;1982;17,041;degC
t2m;JJA;1983;18,058;degC
t2m;JJA;1984;15,744;degC
t2m;JJA;1985;15,368;degC
t2m;JJA;1986;16,145;degC
t2m;JJA;1987;15,37;degC
t2m;JJA;1988;15,667;degC
t2m;JJA;1989;17,064;degC
t2m;JJA;1990;16,843;degC
t2m;JJA;1991;16,379;degC
t2m;JJA;1992;17,303;degC
t2m;JJA;1993;15,869;degC
t2m;JJA;1994;17,989;degC
t2m;JJA;1995;17,908;degC
t2m;JJA;1996;16,097;degC
t2m;JJA;1997;17,352;degC
t2m;JJA;1998;15,99;degC
t2m;JJA;1999;16,93;degC
t2m;JJA;2000;15,92;degC
t2m;JJA;2001;16,992;degC
t2m;JJA;2002;17,097;degC
t2m;JJA;2003;19,145;degC
t2m;JJA;2004;16,832;degC
t2m;JJA;2005;16,926;degC
t2m;JJA;2006;17,834;degC
t2m;JJA;2007;16,425;degC
t2m;JJA;2008;16,556;degC
t2m;JJA;2009;17,118;degC
t2m;JJA;2010;17,481;degC
t2m;JJA;2011;16,075;degC
t2m;JJA;2012;16,596;degC
t2m;JJA;2013;17,522;degC
t2m;JJA;2014;16,762;degC
t2m;JJA;2015;17,84;degC
t2m;JJA;2016;17,493;degC
t2m;JJA;2017;18,298;degC
t2m;JJA;2018;19,34;degC
t2m;JJA;2019;18,751;degC
t2m;JJA;2020;18,351;degC
t2m;JJA;2021;17,161;degC
t2m;JJA;2022;19,01;degC
t2m;JJA;2023;18,4;degC
t2m;JJA;2024;17,585;degC
t2m;MAM;1961;9,769;degC
t2m;MAM;1962;6,326;degC
t2m;MAM;1963;8,135;degC
t2m;MAM;1964;8,628;degC
t2m;MAM;1965;8,127;degC
t2m;MAM;1966;8,697;degC
t2m;MAM;1967;8,363;degC
t2m;MAM;1968;8,327;degC
t2m;MAM;1969;8,118;degC
t2m;MAM;1970;6,76;degC
t2m;MAM;1971;8,316;degC
t2m;MAM;1972;8,307;degC
t2m;MAM;1973;7,57;degC
t2m;MAM;1974;8,897;degC
t2m;MAM;1975;7,332;degC
t2m;MAM;1976;7,925;degC
t2m;MAM;1977;8,05;degC
t2m;MAM;1978;8,105;degC
t2m;MAM;1979;7,758;degC
t2m;MAM;1980;7,813;degC
t2m;MAM;1981;9,706;degC
t2m;MAM;1982;8,199;degC
t2m;MAM;1983;8,024;degC
t2m;MAM;1984;7,016;degC
t2m;MAM;1985;8,083;degC
t2m;MAM;1986;7,603;degC
t2m;MAM;1987;7,393;degC
t2m;MAM;1988;9,107;degC
t2m;MAM;1989;9,766;degC
t2m;MAM;1990;9,857;degC
t2m;MAM;1991;8,714;degC
t2m;MAM;1992;9,712;degC
t2m;MAM;1993;10,148;degC
t2m;MAM;1994;9,062;degC
t2m;MAM;1995;8,642;degC
t2m;MAM;1996;7,372;degC
t2m;MAM;1997;9,102;degC
t2m;MAM;1998;9,776;degC
t2m;MAM;1999;9,926;degC
t2m;MAM;2000;9,954;degC
t2m;MAM;2001;8,988;degC
t2m;MAM;2002;9,495;degC
t2m;MAM;2003;9,926;degC
t2m;MAM;2004;8,732;degC
t2m;MAM;2005;9,307;degC
t2m;MAM;2006;8,342;degC
t2m;MAM;2007;11,215;degC
t2m;MAM;2008;9,494;degC
t2m;MAM;2009;9,978;degC
t2m;MAM;2010;8,099;degC
t2m;MAM;2011;11,095;degC
t2m;MAM;2012;9,666;degC
t2m;MAM;2013;6,822;degC
t2m;MAM;2014;10,629;degC
t2m;MAM;2015;8,897;degC
t2m;MAM;2016;8,72;degC
t2m;MAM;2017;10,481;degC
t2m;MAM;2018;10,698;degC
t2m;MAM;2019;9,547;degC
t2m;MAM;2020;10,482;degC
t2m;MAM;2021;7,636;degC
t2m;MAM;2022;10,317;degC
t2m;MAM;2023;9,26;degC
t2m;MAM;2024;10,941;degC
t2m;SON;1961;11,33;degC
t2m;SON;1962;9,28;degC
t2m;SON;1963;10,862;degC
t2m;SON;1964;9,894;degC
t2m;SON;1965;8,995;degC
t2m;SON;1966;9,831;degC
t2m;SON;1967;10,199;degC
t2m;SON;1968;10,355;degC
t2m;SON;1969;10,992;degC
t2m;SON;1970;11,01;degC
t2m;SON;1971;9,607;degC
t2m;SON;1972;8,813;degC
t2m;SON;1973;9,74;degC
t2m;SON;1974;8,52;degC
t2m;SON;1975;9,765;degC
t2m;SON;1976;10,432;degC
t2m;SON;1977;10,189;degC
t2m;SON;1978;9,984;degC
t2m;SON;1979;10,243;degC
t2m;SON;1980;9,516;degC
t2m;SON;1981;9,913;degC
t2m;SON;1982;11,642;degC
t2m;SON;1983;10,248;degC
t2m;SON;1984;11,121;degC
t2m;SON;1985;9,203;degC
t2m;SON;1986;10,216;degC
t2m;SON;1987;10,827;degC
t2m;SON;1988;10,12;degC
t2m;SON;1989;10,824;degC
t2m;SON;1990;10,297;degC
t2m;SON;1991;10,509;degC
t2m;SON;1992;9,761;degC
t2m;SON;1993;8,099;degC
t2m;SON;1994;10,971;degC
t2m;SON;1995;11,12;degC
t2m;SON;1996;9,269;degC
t2m;SON;1997;10,245;degC
t2m;SON;1998;9,042;degC
t2m;SON;1999;10,934;degC
t2m;SON;2000;11,142;degC
t2m;SON;2001;10,682;degC
t2m;SON;2002;10,754;degC
t2m;SON;2003;10,195;degC
t2m;SON;2004;10,945;degC
t2m;SON;2005;11,889;degC
t2m;SON;2006;13,298;degC
t2m;SON;2007;9,71;degC
t2m;SON;2008;9,697;degC
t2m;SON;2009;11,571;degC
t2m;SON;2010;9,691;degC
t2m;SON;2011;11,763;degC
t2m;SON;2012;10,435;degC
t2m;SON;2013;10,901;degC
t2m;SON;2014;12,289;degC
t2m;SON;2015;10,788;degC
t2m;SON;2016;11,175;degC
t2m;SON;2017;11,016;degC
t2m;SON;2018;11,496;degC
t2m;SON;2019;11,09;degC
t2m;SON;2020;12,019;degC
t2m;SON;2021;11,159;degC
t2m;SON;2022;12,438;degC
t2m;SON;2023;12,907;degC
t2m;SON;2024;11,665;degC
tp;DJF;1961;260,851;mm
tp;DJF;1962;218,878;mm
tp;DJF;1963;128,821;mm
tp;DJF;1964;82,399;mm
tp;DJF;1965;203,978;mm
tp;DJF;1966;268,448;mm
tp;DJF;1967;257,552;mm
tp;DJF;1968;247,715;mm
tp;DJF;1969;172,383;mm
tp;DJF;1970;267,501;mm
tp;DJF;1971;174,349;mm
tp;DJF;1972;140,843;mm
tp;DJF;1973;120,416;mm
tp;DJF;1974;212,482;mm
tp;DJF;1975;209,173;mm
tp;DJF;1976;140,49;mm
tp;DJF;1977;219,607;mm
tp;DJF;1978;184,144;mm
tp;DJF;1979;232,77;mm
tp;DJF;1980;258,98;mm
tp;DJF;1981;244,933;mm
tp;DJF;1982;208,463;mm
tp;DJF;1983;244,57;mm
tp;DJF;1984;276,202;mm
tp;DJF;1985;143,791;mm
tp;DJF;1986;198,04;mm
tp;DJF;1987;211,872;mm
tp;DJF;1988;259,983;mm
tp;DJF;1989;175,951;mm
tp;DJF;1990;285,638;mm
tp;DJF;1991;214,151;mm
tp;DJF;1992;144,747;mm
tp;DJF;1993;189,362;mm
tp;DJF;1994;346,938;mm
tp;DJF;1995;376,761;mm
tp;DJF;1996;171,89;mm
tp;DJF;1997;166,773;mm
tp;DJF;1998;173,59;mm
tp;DJF;1999;255,843;mm
tp;DJF;2000;294,412;mm
tp;DJF;2001;272,035;mm
tp;DJF;2002;294,229;mm
tp;DJF;2003;221,315;mm
tp;DJF;2004;262,971;mm
tp;DJF;2005;189,198;mm
tp;DJF;2006;158,031;mm
tp;DJF;2007;271,825;mm
tp;DJF;2008;207,491;mm
tp;DJF;2009;173,907;mm
tp;DJF;2010;248,478;mm
tp;DJF;2011;220,809;mm
tp;DJF;2012;286,237;mm
tp;DJF;2013;245,909;mm
tp;DJF;2014;237,566;mm
tp;DJF;2015;259,336;mm
tp;DJF;2016;272,819;mm
tp;DJF;2017;143,81;mm
tp;DJF;2018;275,311;mm
tp;DJF;2019;243,723;mm
tp;DJF;2020;300,224;mm
tp;DJF;2021;316,971;mm
tp;DJF;2022;260,191;mm
tp;DJF;2023;112,805;mm
tp;DJF;2024;162,412;mm
tp;JJA;1961;190,304;mm
tp;JJA;1962;139,374;mm
tp;JJA;1963;261,876;mm
tp;JJA;1964;164,966;mm
tp;JJA;1965;302,749;mm
tp;JJA;1966;291,878;mm
tp;JJA;1967;186,708;mm
tp;JJA;1968;333,453;mm
tp;JJA;1969;286,929;mm
tp;JJA;1970;218,226;mm
tp;JJA;1971;243,045;mm
tp;JJA;1972;286,125;mm
tp;JJA;1973;165,469;mm
tp;JJA;1974;244,286;mm
tp;JJA;1975;247,702;mm
tp;JJA;1976;122,609;mm
tp;JJA;1977;271,425;mm
tp;JJA;1978;234,198;mm
tp;JJA;1979;206,724;mm
tp;JJA;1980;337,481;mm
tp;JJA;1981;276,53;mm
tp;JJA;1982;239,41;mm
tp;JJA;1983;145,115;mm
tp;JJA;1984;179,621;mm
tp;JJA;1985;282,716;mm
tp;JJA;1986;209,017;mm
tp;JJA;1987;336,882;mm
tp;JJA;1988;213,135;mm
tp;JJA;1989;165,13;mm
tp;JJA;1990;205,591;mm
tp;JJA;1991;223,074;mm
tp;JJA;1992;299,804;mm
tp;JJA;1993;199,566;mm
tp;JJA;1994;196,157;mm
tp;JJA;1995;167,038;mm
tp;JJA;1996;239,547;mm
tp;JJA;1997;265,673;mm
tp;JJA;1998;243,748;mm
tp;JJA;1999;211,574;mm
tp;JJA;2000;291,225;mm
tp;JJA;2001;245,467;mm
tp;JJA;2002;267,832;mm
tp;JJA;2003;183,391;mm
tp;JJA;2004;280,216;mm
tp;JJA;2005;236,73;mm
tp;JJA;2006;266,824;mm
tp;JJA;2007;348,904;mm
tp;JJA;2008;278,633;mm
tp;JJA;2009;214,055;mm
tp;JJA;2010;273,81;mm
tp;JJA;2011;310,109;mm
tp;JJA;2012;291,609;mm
tp;JJA;2013;162,47;mm
tp;JJA;2014;334,359;mm
tp;JJA;2015;207,929;mm
tp;JJA;2016;269,735;mm
tp;JJA;2017;238,071;mm
tp;JJA;2018;142,948;mm
tp;JJA;2019;195,584;mm
tp;JJA;2020;188,781;mm
tp;JJA;2021;389,355;mm
tp;JJA;2022;170,674;mm
tp;JJA;2023;140,617;mm
tp;JJA;2024;255,814;mm
tp;MAM;1961;159,248;mm
tp;MAM;1962;215,979;mm
tp;MAM;1963;189,838;mm
tp;MAM;1964;186,381;mm
tp;MAM;1965;252,906;mm
tp;MAM;1966;222,954;mm
tp;MAM;1967;243,861;mm
tp;MAM;1968;184,372;mm
tp;MAM;1969;255,195;mm
tp;MAM;1970;265,524;mm
tp;MAM;1971;170,15;mm
tp;MAM;1972;269,208;mm
tp;MAM;1973;234,32;mm
tp;MAM;1974;173,581;mm
tp;MAM;1975;253,114;mm
tp;MAM;1976;98,088;mm
tp;MAM;1977;224,939;mm
tp;MAM;1978;265,402;mm
tp;MAM;1979;323,497;mm
tp;MAM;1980;212,23;mm
tp;MAM;1981;285,527;mm
tp;MAM;1982;212,695;mm
tp;MAM;1983;337,843;mm
tp;MAM;1984;233,293;mm
tp;MAM;1985;270,272;mm
tp;MAM;1986;257,832;mm
tp;MAM;1987;247,212;mm
tp;MAM;1988;275,286;mm
tp;MAM;1989;249,6;mm
tp;MAM;1990;142,609;mm
tp;MAM;1991;142,235;mm
tp;MAM;1992;225,553;mm
tp;MAM;1993;159,272;mm
tp;MAM;1994;252,368;mm
tp;MAM;1995;219,477;mm
tp;MAM;1996;128,024;mm
tp;MAM;1997;161,128;mm
tp;MAM;1998;267,016;mm
tp;MAM;1999;236,412;mm
tp;MAM;2000;265,268;mm
tp;MAM;2001;293,252;mm
tp;MAM;2002;188,963;mm
tp;MAM;2003;197,138;mm
tp;MAM;2004;166,986;mm
tp;MAM;2005;216,552;mm
tp;MAM;2006;276,931;mm
tp;MAM;2007;189,146;mm
tp;MAM;2008;281,979;mm
tp;MAM;2009;204,476;mm
tp;MAM;2010;160,404;mm
tp;MAM;2011;80,601;mm
tp;MAM;2012;201,654;mm
tp;MAM;2013;216,76;mm
tp;MAM;2014;149,171;mm
tp;MAM;2015;171,508;mm
tp;MAM;2016;261,146;mm
tp;MAM;2017;153,018;mm
tp;MAM;2018;220,786;mm
tp;MAM;2019;221,007;mm
tp;MAM;2020;131,745;mm
tp;MAM;2021;216,795;mm
tp;MAM;2022;133,918;mm
tp;MAM;2023;144,542;mm
tp;MAM;2024;338,239;mm
tp;SON;1961;240,828;mm
tp;SON;1962;161,169;mm
tp;SON;1963;207,038;mm
tp;SON;1964;217,797;mm
tp;SON;1965;199,95;mm
tp;SON;1966;226,913;mm
tp;SON;1967;244,453;mm
tp;SON;1968;190,055;mm
tp;SON;1969;136,979;mm
tp;SON;1970;212,428;mm
tp;SON;1971;160,283;mm
tp;SON;1972;164,843;mm
tp;SON;1973;209,401;mm
tp;SON;1974;371,289;mm
tp;SON;1975;211,581;mm
tp;SON;1976;240,077;mm
tp;SON;1977;193,061;mm
tp;SON;1978;106,783;mm
tp;SON;1979;180,022;mm
tp;SON;1980;182,54;mm
tp;SON;1981;287,793;mm
tp;SON;1982;259,727;mm
tp;SON;1983;171,062;mm
tp;SON;1984;327,064;mm
tp;SON;1985;140,522;mm
tp;SON;1986;236,223;mm
tp;SON;1987;253,1;mm
tp;SON;1988;207,005;mm
tp;SON;1989;158,578;mm
tp;SON;1990;197,234;mm
tp;SON;1991;201,228;mm
tp;SON;1992;208,276;mm
tp;SON;1993;266,894;mm
tp;SON;1994;225,49;mm
tp;SON;1995;160,308;mm
tp;SON;1996;212,685;mm
tp;SON;1997;177,687;mm
tp;SON;1998;378,406;mm
tp;SON;1999;171,883;mm
tp;SON;2000;281,361;mm
tp;SON;2001;283,305;mm
tp;SON;2002;238,973;mm
tp;SON;2003;149,943;mm
tp;SON;2004;163,361;mm
tp;SON;2005;159,261;mm
tp;SON;2006;177,744;mm
tp;SON;2007;185,914;mm
tp;SON;2008;210,677;mm
tp;SON;2009;219,284;mm
tp;SON;2010;247,373;mm
tp;SON;2011;104,24;mm
tp;SON;2012;239,296;mm
tp;SON;2013;295,231;mm
tp;SON;2014;190,852;mm
tp;SON;2015;233,946;mm
tp;SON;2016;158,448;mm
tp;SON;2017;229,748;mm
tp;SON;2018;148,154;mm
tp;SON;2019;265,002;mm
tp;SON;2020;216,782;mm
tp;SON;2021;203,539;mm
tp;SON;2022;139,535;mm
tp;SON;2023;170,94;mm
tp;SON;2024;265,303;mm
tr;JJA;1961;0,0;jours
tr;JJA;1962;0,0;jours
tr;JJA;1963;0,0;jours
tr;JJA;1964;0,009;jours
tr;JJA;1965;0,0;jours
tr;JJA;1966;0,0;jours
tr;JJA;1967;0,0;jours
tr;JJA;1968;0,131;jours
tr;JJA;1969;0,081;jours
tr;JJA;1970;0,0;jours
tr;JJA;1971;0,0;jours
tr;JJA;1972;0,0;jours
tr;JJA;1973;0,001;jours
tr;JJA;1974;0,044;jours
tr;JJA;1975;0,106;jours
tr;JJA;1976;0,487;jours
tr;JJA;1977;0,0;jours
tr;JJA;1978;0,0;jours
tr;JJA;1979;0,0;jours
tr;JJA;1980;0,003;jours
tr;JJA;1981;0,003;jours
tr;JJA;1982;0,003;jours
tr;JJA;1983;0,052;jours
tr;JJA;1984;0,014;jours
tr;JJA;1985;0,0;jours
tr;JJA;1986;0,003;jours
tr;JJA;1987;0,087;jours
tr;JJA;1988;0,0;jours
tr;JJA;1989;0,643;jours
tr;JJA;1990;0,049;jours
tr;JJA;1991;0,076;jours
tr;JJA;1992;0,165;jours
tr;JJA;1993;0,0;jours
tr;JJA;1994;0,707;jours
tr;JJA;1995;0,706;jours
tr;JJA;1996;0,372;jours
tr;JJA;1997;0,265;jours
tr;JJA;1998;0,133;jours
tr;JJA;1999;0,005;jours
tr;JJA;2000;0,166;jours
tr;JJA;2001;0,155;jours
tr;JJA;2002;0,355;jours
tr;JJA;2003;1,04;jours
tr;JJA;2004;0,792;jours
tr;JJA;2005;0,216;jours
tr;JJA;2006;1,764;jours
tr;JJA;2007;0,028;jours
tr;JJA;2008;0,003;jours
tr;JJA;2009;0,098;jours
tr;JJA;2010;0,776;jours
tr;JJA;2011;0,394;jours
tr;JJA;2012;0,155;jours
tr;JJA;2013;0,145;jours
tr;JJA;2014;0,082;jours
tr;JJA;2015;0,963;jours
tr;JJA;2016;0,231;jours
tr;JJA;2017;0,284;jours
tr;JJA;2018;0,596;jours
tr;JJA;2019;1,468;jours
tr;JJA;2020;1,584;jours
tr;JJA;2021;0,017;jours
tr;JJA;2022;0,111;jours
tr;JJA;2023;0,077;jours
tr;JJA;2024;0,36;jours
txx;JJA;1961;31,186;degC
txx;JJA;1962;26,578;degC
txx;JJA;1963;28,57;degC
txx;JJA;1964;32,671;degC
txx;JJA;1965;26,496;degC
txx;JJA;1966;30,261;degC
txx;JJA;1967;30,746;degC
txx;JJA;1968;32,29;degC
txx;JJA;1969;30,463;degC
txx;JJA;1970;29,288;degC
txx;JJA;1971;29,539;degC
txx;JJA;1972;30,34;degC
txx;JJA;1973;30,799;degC
txx;JJA;1974;29,624;degC
txx;JJA;1975;32,698;degC
txx;JJA;1976;34,312;degC
txx;JJA;1977;29,99;degC
txx;JJA;1978;30,534;degC
txx;JJA;1979;28,227;degC
txx;JJA;1980;29,495;degC
txx;JJA;1981;29,644;degC
txx;JJA;1982;31,355;degC
txx;JJA;1983;31,855;degC
txx;JJA;1984;31,803;degC
txx;JJA;1985;29,769;degC
txx;JJA;1986;33,086;degC
txx;JJA;1987;30,64;degC
txx;JJA;1988;28,599;degC
txx;JJA;1989;32,936;degC
txx;JJA;1990;34,353;degC
txx;JJA;1991;31,739;degC
txx;JJA;1992;31,363;degC
txx;JJA;1993;29,699;degC
txx;JJA;1994;34,013;degC
txx;JJA;1995;33,835;degC
txx;JJA;1996;32,121;degC
txx;JJA;1997;31,642;degC
txx;JJA;1998;33,732;degC
txx;JJA;1999;30,903;degC
txx;JJA;2000;31,816;degC
txx;JJA;2001;32,551;degC
txx;JJA;2002;32,545;degC
txx;JJA;2003;35,674;degC
txx;JJA;2004;31,047;degC
txx;JJA;2005;33,175;degC
txx;JJA;2006;35,665;degC
txx;JJA;2007;31,172;degC
txx;JJA;2008;30,902;degC
txx;JJA;2009;33,491;degC
txx;JJA;2010;34,217;degC
txx;JJA;2011;33,702;degC
txx;JJA;2012;34,329;degC
txx;JJA;2013;33,851;degC
txx;JJA;2014;32,842;degC
txx;JJA;2015;35,376;degC
txx;JJA;2016;34,164;degC
txx;JJA;2017;33,902;degC
txx;JJA;2018;36,713;degC
txx;JJA;2019;39,692;degC
txx;JJA;2020;36,827;degC
txx;JJA;2021;31,39;degC
txx;JJA;2022;38,828;degC
txx;JJA;2023;33,36;degC
txx;JJA;2024;34,671;degC
