NUTS_ID;ZONE_CODE;COUNT;AREA;Variable;Dimensions;StdTime;MEAN
BE22;1;3108,000000000000000;0,310800000000000;fd;StdTime;15-04-61 00:00:00;5,418918918918914
BE23;2;3843,000000000000000;0,384300000000000;fd;StdTime;15-04-61 00:00:00;3,551392141556076
BE24;3;2705,000000000000000;0,270500000000000;fd;StdTime;15-04-61 00:00:00;3,169316081330870
BE25;4;3900,000000000000000;0,390000000000000;fd;StdTime;15-04-61 00:00:00;0,899743589743591
BE31;5;1403,000000000000000;0,140300000000000;fd;StdTime;15-04-61 00:00:00;4,116179615110477
BE32;6;4820,000000000000000;0,482000000000000;fd;StdTime;15-04-61 00:00:00;9,859958506224077
BE10;7;209,000000000000000;0,020900000000000;fd;StdTime;15-04-61 00:00:00;2,980861244019139
BE21;8;3691,000000000000000;0,369100000000000;fd;StdTime;15-04-61 00:00:00;3,782443782172835
BE33;9;4898,000000000000000;0,489800000000000;fd;StdTime;15-04-61 00:00:00;6,899142507145776
BE34;10;5582,000000000000000;0,558200000000000;fd;StdTime;15-04-61 00:00:00;14,118774632748151
BE35;11;4638,000000000000000;0,463800000000000;fd;StdTime;15-04-61 00:00:00;7,954075032341524
BE22;1;3108,000000000000000;0,310800000000000;fd;StdTime;15-04-62 00:00:00;22,818211068211049
BE23;2;3843,000000000000000;0,384300000000000;fd;StdTime;15-04-62 00:00:00;24,292479833463439
BE24;3;2705,000000000000000;0,270500000000000;fd;StdTime;15-04-62 00:00:00;22,439926062846542
BE25;4;3900,000000000000000;0,390000000000000;fd;StdTime;15-04-62 00:00:00;19,277948717948682
BE31;5;1403,000000000000000;0,140300000000000;fd;StdTime;15-04-62 00:00:00;24,094796863863159
BE32;6;4820,000000000000000;0,482000000000000;fd;StdTime;15-04-62 00:00:00;32,863485477178443
BE10;7;209,000000000000000;0,020900000000000;fd;StdTime;15-04-62 00:00:00;22,033492822966515
BE21;8;3691,000000000000000;0,369100000000000;fd;StdTime;15-04-62 00:00:00;21,688160390138183
BE33;9;4898,000000000000000;0,489800000000000;fd;StdTime;15-04-62 00:00:00;27,694160881992691
BE34;10;5582,000000000000000;0,558200000000000;fd;StdTime;15-04-62 00:00:00;31,712647796488785
BE35;11;4638,000000000000000;0,463800000000000;fd;StdTime;15-04-62 00:00:00;27,327296248382925
BE22;1;3108,000000000000000;0,310800000000000;fd;StdTime;15-04-63 00:00:00;11,470077220077219
BE23;2;3843,000000000000000;0,384300000000000;fd;StdTime;15-04-63 00:00:00;10,248243559718979
BE24;3;2705,000000000000000;0,270500000000000;fd;StdTime;15-04-63 00:00:00;10,191497227356741
BE25;4;3900,000000000000000;0,390000000000000;fd;StdTime;15-04-63 00:00:00;6,522564102564107
BE31;5;1403,000000000000000;0,140300000000000;fd;StdTime;15-04-63 00:00:00;10,875267284390576
BE32;6;4820,000000000000000;0,482000000000000;fd;StdTime;15-04-63 00:00:00;16,531327800829899
BE10;7;209,000000000000000;0,020900000000000;fd;StdTime;15-04-63 00:00:00;10,090909090909090
BE21;8;3691,000000000000000;0,369100000000000;fd;StdTime;15-04-63 00:00:00;11,546464372798702
BE33;9;4898,000000000000000;0,489800000000000;fd;StdTime;15-04-63 00:00:00;13,615761535320544
BE34;10;5582,000000000000000;0,558200000000000;fd;StdTime;15-04-63 00:00:00;18,349874596918710
BE35;11;4638,000000000000000;0,463800000000000;fd;StdTime;15-04-63 00:00:00;13,888098318240617
BE22;1;3108,000000000000000;0,310800000000000;fd;StdTime;15-04-64 00:00:00;18,328185328185338
BE23;2;3843,000000000000000;0,384300000000000;fd;StdTime;15-04-64 00:00:00;16,212854540723388
BE24;3;2705,000000000000000;0,270500000000000;fd;StdTime;15-04-64 00:00:00;16,084288354898344
BE25;4;3900,000000000000000;0,390000000000000;fd;StdTime;15-04-64 00:00:00;13,399487179487192
BE31;5;1403,000000000000000;0,140300000000000;fd;StdTime;15-04-64 00:00:00;17,002138275124722
BE32;6;4820,000000000000000;0,482000000000000;fd;StdTime;15-04-64 00:00:00;22,654564315352690
BE10;7;209,000000000000000;0,020900000000000;fd;StdTime;15-04-64 00:00:00;14,282296650717704
BE21;8;3691,000000000000000;0,369100000000000;fd;StdTime;15-04-64 00:00:00;16,339474397182389
BE33;9;4898,000000000000000;0,489800000000000;fd;StdTime;15-04-64 00:00:00;19,743160473662709
BE34;10;5582,000000000000000;0,558200000000000;fd;StdTime;15-04-64 00:00:00;19,910605517735576
BE35;11;4638,000000000000000;0,463800000000000;fd;StdTime;15-04-64 00:00:00;18,937904269081521
BE22;1;3108,000000000000000;0,310800000000000;fd;StdTime;15-04-65 00:00:00;15,515765765765757
BE23;2;3843,000000000000000;0,384300000000000;fd;StdTime;15-04-65 00:00:00;13,530835284933648
BE24;3;2705,000000000000000;0,270500000000000;fd;StdTime;15-04-65 00:00:00;12,754898336414046
BE25;4;3900,000000000000000;0,390000000000000;fd;StdTime;15-04-65 00:00:00;10,950769230769236
BE31;5;1403,000000000000000;0,140300000000000;fd;StdTime;15-04-65 00:00:00;12,223093371347119
BE32;6;4820,000000000000000;0,482000000000000;fd;StdTime;15-04-65 00:00:00;14,883609958506247
BE10;7;209,000000000000000;0,020900000000000;fd;StdTime;15-04-65 00:00:00;11,473684210526317
BE21;8;3691,000000000000000;0,369100000000000;fd;StdTime;15-04-65 00:00:00;15,280953671091895
BE33;9;4898,000000000000000;0,489800000000000;fd;StdTime;15-04-65 00:00:00;16,109840751327052
BE34;10;5582,000000000000000;0,558200000000000;fd;StdTime;15-04-65 00:00:00;17,761196703690395
BE35;11;4638,000000000000000;0,463800000000000;fd;StdTime;15-04-65 00:00:00;14,082147477360923
BE22;1;3108,000000000000000;0,310800000000000;fd;StdTime;15-04-66 00:00:00;12,068532818532814
BE23;2;3843,000000000000000;0,384300000000000;fd;StdTime;15-04-66 00:00:00;8,543845953682034
BE24;3;2705,000000000000000;0,270500000000000;fd;StdTime;15-04-66 00:00:00;8,532717190388164
BE25;4;3900,000000000000000;0,390000000000000;fd;StdTime;15-04-66 00:00:00;4,232051282051286
BE31;5;1403,000000000000000;0,140300000000000;fd;StdTime;15-04-66 00:00:00;9,727013542409145
BE32;6;4820,000000000000000;0,482000000000000;fd;StdTime;15-04-66 00:00:00;16,129253112033194
BE10;7;209,000000000000000;0,020900000000000;fd;StdTime;15-04-66 00:00:00;8,732057416267942
BE21;8;3691,000000000000000;0,369100000000000;fd;StdTime;15-04-66 00:00:00;9,516662151178538
BE33;9;4898,000000000000000;0,489800000000000;fd;StdTime;15-04-66 00:00:00;16,106369946917116
BE34;10;5582,000000000000000;0,558200000000000;fd;StdTime;15-04-66 00:00:00;19,799534217126485
BE35;11;4638,000000000000000;0,463800000000000;fd;StdTime;15-04-66 00:00:00;14,011427339370419
BE22;1;3108,000000000000000;0,310800000000000;fd;StdTime;15-04-67 00:00:00;10,180180180180185
BE23;2;3843,000000000000000;0,384300000000000;fd;StdTime;15-04-67 00:00:00;6,662503252667200
BE24;3;2705,000000000000000;0,270500000000000;fd;StdTime;15-04-67 00:00:00;7,272458410351206
BE25;4;3900,000000000000000;0,390000000000000;fd;StdTime;15-04-67 00:00:00;2,377435897435898
BE31;5;1403,000000000000000;0,140300000000000;fd;StdTime;15-04-67 00:00:00;9,116179615110504
BE32;6;4820,000000000000000;0,482000000000000;fd;StdTime;15-04-67 00:00:00;17,108091286307104
BE10;7;209,000000000000000;0,020900000000000;fd;StdTime;15-04-67 00:00:00;7,368421052631578
BE21;8;3691,000000000000000;0,369100000000000;fd;StdTime;15-04-67 00:00:00;5,980493091303172
BE33;9;4898,000000000000000;0,489800000000000;fd;StdTime;15-04-67 00:00:00;15,290730910575778
BE34;10;5582,000000000000000;0,558200000000000;fd;StdTime;15-04-67 00:00:00;19,633823002508027
BE35;11;4638,000000000000000;0,463800000000000;fd;StdTime;15-04-67 00:00:00;12,844545062526946
BE22;1;3108,000000000000000;0,310800000000000;fd;StdTime;15-04-68 00:00:00;18,331402831402841
BE23;2;3843,000000000000000;0,384300000000000;fd;StdTime;15-04-68 00:00:00;15,127764767109040
BE24;3;2705,000000000000000;0,270500000000000;fd;StdTime;15-04-68 00:00:00;16,273197781885411
BE25;4;3900,000000000000000;0,390000000000000;fd;StdTime;15-04-68 00:00:00;10,896153846153855
BE31;5;1403,000000000000000;0,140300000000000;fd;StdTime;15-04-68 00:00:00;19,475409836065566
BE32;6;4820,000000000000000;0,482000000000000;fd;StdTime;15-04-68 00:00:00;25,186721991701241
BE10;7;209,000000000000000;0,020900000000000;fd;StdTime;15-04-68 00:00:00;14,665071770334936
BE21;8;3691,000000000000000;0,369100000000000;fd;StdTime;15-04-68 00:00:00;14,661609319967459
BE33;9;4898,000000000000000;0,489800000000000;fd;StdTime;15-04-68 00:00:00;23,760106165781924
BE34;10;5582,000000000000000;0,558200000000000;fd;StdTime;15-04-68 00:00:00;29,110354711572917
BE35;11;4638,000000000000000;0,463800000000000;fd;StdTime;15-04-68 00:00:00;23,324062095730930
BE22;1;3108,000000000000000;0,310800000000000;fd;StdTime;15-04-69 00:00:00;26,560489060489097
BE23;2;3843,000000000000000;0,384300000000000;fd;StdTime;15-04-69 00:00:00;22,305230288836849
BE24;3;2705,000000000000000;0,270500000000000;fd;StdTime;15-04-69 00:00:00;21,683179297597029
BE25;4;3900,000000000000000;0,390000000000000;fd;StdTime;15-04-69 00:00:00;15,731025641025640
BE31;5;1403,000000000000000;0,140300000000000;fd;StdTime;15-04-69 00:00:00;22,018531717747702
BE32;6;4820,000000000000000;0,482000000000000;fd;StdTime;15-04-69 00:00:00;26,698962655601647
BE10;7;209,000000000000000;0,020900000000000;fd;StdTime;15-04-69 00:00:00;17,401913875598087
BE21;8;3691,000000000000000;0,369100000000000;fd;StdTime;15-04-69 00:00:00;24,579517745868355
BE33;9;4898,000000000000000;0,489800000000000;fd;StdTime;15-04-69 00:00:00;27,474887709269009
BE34;10;5582,000000000000000;0,558200000000000;fd;StdTime;15-04-69 00:00:00;28,037800071658964
BE35;11;4638,000000000000000;0,463800000000000;fd;StdTime;15-04-69 00:00:00;24,077619663648139
BE22;1;3108,000000000000000;0,310800000000000;fd;StdTime;15-04-70 00:00:00;26,331724581724583
BE23;2;3843,000000000000000;0,384300000000000;fd;StdTime;15-04-70 00:00:00;24,677335415040286
BE24;3;2705,000000000000000;0,270500000000000;fd;StdTime;15-04-70 00:00:00;23,496118299445467
BE25;4;3900,000000000000000;0,390000000000000;fd;StdTime;15-04-70 00:00:00;17,071538461538449
BE31;5;1403,000000000000000;0,140300000000000;fd;StdTime;15-04-70 00:00:00;24,345687811831780
BE32;6;4820,000000000000000;0,482000000000000;fd;StdTime;15-04-70 00:00:00;31,965352697095408
BE10;7;209,000000000000000;0,020900000000000;fd;StdTime;15-04-70 00:00:00;21,205741626794261
BE21;8;3691,000000000000000;0,369100000000000;fd;StdTime;15-04-70 00:00:00;23,824437821728523
BE33;9;4898,000000000000000;0,489800000000000;fd;StdTime;15-04-70 00:00:00;31,360963658636251
BE34;10;5582,000000000000000;0,558200000000000;fd;StdTime;15-04-70 00:00:00;34,399856682192784
BE35;11;4638,000000000000000;0,463800000000000;fd;StdTime;15-04-70 00:00:00;27,243639499784415
BE22;1;3108,000000000000000;0,310800000000000;fd;StdTime;15-04-71 00:00:00;24,035392535392514
BE23;2;3843,000000000000000;0,384300000000000;fd;StdTime;15-04-71 00:00:00;17,071558678116070
BE24;3;2705,000000000000000;0,270500000000000;fd;StdTime;15-04-71 00:00:00;18,100554528650655
BE25;4;3900,000000000000000;0,390000000000000;fd;StdTime;15-04-71 00:00:00;12,976410256410244
BE31;5;1403,000000000000000;0,140300000000000;fd;StdTime;15-04-71 00:00:00;18,625089094796902
BE32;6;4820,000000000000000;0,482000000000000;fd;StdTime;15-04-71 00:00:00;24,062240663900404
BE10;7;209,000000000000000;0,020900000000000;fd;StdTime;15-04-71 00:00:00;14,167464114832535
BE21;8;3691,000000000000000;0,369100000000000;fd;StdTime;15-04-71 00:00:00;20,402600921159582
BE33;9;4898,000000000000000;0,489800000000000;fd;StdTime;15-04-71 00:00:00;24,724785626786431
BE34;10;5582,000000000000000;0,558200000000000;fd;StdTime;15-04-71 00:00:00;28,625940523109996
BE35;11;4638,000000000000000;0,463800000000000;fd;StdTime;15-04-71 00:00:00;24,058430357912926
BE22;1;3108,000000000000000;0,310800000000000;fd;StdTime;15-04-72 00:00:00;14,640926640926651
BE23;2;3843,000000000000000;0,384300000000000;fd;StdTime;15-04-72 00:00:00;6,563361956804584
BE24;3;2705,000000000000000;0,270500000000000;fd;StdTime;15-04-72 00:00:00;8,168207024029586
BE25;4;3900,000000000000000;0,390000000000000;fd;StdTime;15-04-72 00:00:00;4,929230769230774
BE31;5;1403,000000000000000;0,140300000000000;fd;StdTime;15-04-72 00:00:00;8,173913043478263
BE32;6;4820,000000000000000;0,482000000000000;fd;StdTime;15-04-72 00:00:00;13,381120331950227
BE10;7;209,000000000000000;0,020900000000000;fd;StdTime;15-04-72 00:00:00;4,741626794258372
BE21;8;3691,000000000000000;0,369100000000000;fd;StdTime;15-04-72 00:00:00;11,110810078569502
BE33;9;4898,000000000000000;0,489800000000000;fd;StdTime;15-04-72 00:00:00;12,890567578603521
BE34;10;5582,000000000000000;0,558200000000000;fd;StdTime;15-04-72 00:00:00;17,397527767825149
BE35;11;4638,000000000000000;0,463800000000000;fd;StdTime;15-04-72 00:00:00;12,552393272962483
BE22;1;3108,000000000000000;0,310800000000000;fd;StdTime;15-04-73 00:00:00;27,008365508365493
BE23;2;3843,000000000000000;0,384300000000000;fd;StdTime;15-04-73 00:00:00;14,841530054644794
BE24;3;2705,000000000000000;0,270500000000000;fd;StdTime;15-04-73 00:00:00;16,699445471349357
BE25;4;3900,000000000000000;0,390000000000000;fd;StdTime;15-04-73 00:00:00;10,107179487179495
BE31;5;1403,000000000000000;0,140300000000000;fd;StdTime;15-04-73 00:00:00;20,376336421952949
BE32;6;4820,000000000000000;0,482000000000000;fd;StdTime;15-04-73 00:00:00;31,283195020746906
BE10;7;209,000000000000000;0,020900000000000;fd;StdTime;15-04-73 00:00:00;11,645933014354075
BE21;8;3691,000000000000000;0,369100000000000;fd;StdTime;15-04-73 00:00:00;16,874288810620421
BE33;9;4898,000000000000000;0,489800000000000;fd;StdTime;15-04-73 00:00:00;29,363209473254393
BE34;10;5582,000000000000000;0,558200000000000;fd;StdTime;15-04-73 00:00:00;37,077929057685395
BE35;11;4638,000000000000000;0,463800000000000;fd;StdTime;15-04-73 00:00:00;30,822984044846908
BE22;1;3108,000000000000000;0,310800000000000;fd;StdTime;15-04-74 00:00:00;14,372586872586847
BE23;2;3843,000000000000000;0,384300000000000;fd;StdTime;15-04-74 00:00:00;8,793390580275826
BE24;3;2705,000000000000000;0,270500000000000;fd;StdTime;15-04-74 00:00:00;9,016635859519416
BE25;4;3900,000000000000000;0,390000000000000;fd;StdTime;15-04-74 00:00:00;6,928461538461548
BE31;5;1403,000000000000000;0,140300000000000;fd;StdTime;15-04-74 00:00:00;11,138987883107633
BE32;6;4820,000000000000000;0,482000000000000;fd;StdTime;15-04-74 00:00:00;16,460788381742798
BE10;7;209,000000000000000;0,020900000000000;fd;StdTime;15-04-74 00:00:00;5,803827751196174
BE21;8;3691,000000000000000;0,369100000000000;fd;StdTime;15-04-74 00:00:00;9,406123001896489
BE33;9;4898,000000000000000;0,489800000000000;fd;StdTime;15-04-74 00:00:00;16,773581053491210
BE34;10;5582,000000000000000;0,558200000000000;fd;StdTime;15-04-74 00:00:00;17,904514510927918
BE35;11;4638,000000000000000;0,463800000000000;fd;StdTime;15-04-74 00:00:00;14,750754635618813
BE22;1;3108,000000000000000;0,310800000000000;fd;StdTime;15-04-75 00:00:00;16,530244530244524
BE23;2;3843,000000000000000;0,384300000000000;fd;StdTime;15-04-75 00:00:00;12,506635441061659
BE24;3;2705,000000000000000;0,270500000000000;fd;StdTime;15-04-75 00:00:00;11,980036968576711
BE25;4;3900,000000000000000;0,390000000000000;fd;StdTime;15-04-75 00:00:00;6,071282051282054
BE31;5;1403,000000000000000;0,140300000000000;fd;StdTime;15-04-75 00:00:00;14,743406985032063
BE32;6;4820,000000000000000;0,482000000000000;fd;StdTime;15-04-75 00:00:00;22,961203319502072
BE10;7;209,000000000000000;0,020900000000000;fd;StdTime;15-04-75 00:00:00;8,703349282296651
BE21;8;3691,000000000000000;0,369100000000000;fd;StdTime;15-04-75 00:00:00;11,324844215659702
BE33;9;4898,000000000000000;0,489800000000000;fd;StdTime;15-04-75 00:00:00;22,206819109840751
BE34;10;5582,000000000000000;0,558200000000000;fd;StdTime;15-04-75 00:00:00;26,107309208169177
BE35;11;4638,000000000000000;0,463800000000000;fd;StdTime;15-04-75 00:00:00;19,871280724450170
BE22;1;3108,000000000000000;0,310800000000000;fd;StdTime;15-04-76 00:00:00;30,245817245817246
BE23;2;3843,000000000000000;0,384300000000000;fd;StdTime;15-04-76 00:00:00;21,884205048139481
BE24;3;2705,000000000000000;0,270500000000000;fd;StdTime;15-04-76 00:00:00;22,612939001848403
BE25;4;3900,000000000000000;0,390000000000000;fd;StdTime;15-04-76 00:00:00;18,673589743589726
BE31;5;1403,000000000000000;0,140300000000000;fd;StdTime;15-04-76 00:00:00;23,357804704205282
BE32;6;4820,000000000000000;0,482000000000000;fd;StdTime;15-04-76 00:00:00;29,525311203319482
BE10;7;209,000000000000000;0,020900000000000;fd;StdTime;15-04-76 00:00:00;18,617224880382768
BE21;8;3691,000000000000000;0,369100000000000;fd;StdTime;15-04-76 00:00:00;25,287726903278209
BE33;9;4898,000000000000000;0,489800000000000;fd;StdTime;15-04-76 00:00:00;30,366680277664358
BE34;10;5582,000000000000000;0,558200000000000;fd;StdTime;15-04-76 00:00:00;33,817628090290270
BE35;11;4638,000000000000000;0,463800000000000;fd;StdTime;15-04-76 00:00:00;29,650495903406643
BE22;1;3108,000000000000000;0,310800000000000;fd;StdTime;15-04-77 00:00:00;16,803732303732343
BE23;2;3843,000000000000000;0,384300000000000;fd;StdTime;15-04-77 00:00:00;13,474889409315669
BE24;3;2705,000000000000000;0,270500000000000;fd;StdTime;15-04-77 00:00:00;13,729759704251379
BE25;4;3900,000000000000000;0,390000000000000;fd;StdTime;15-04-77 00:00:00;8,841282051282054
BE31;5;1403,000000000000000;0,140300000000000;fd;StdTime;15-04-77 00:00:00;15,719885958660008
BE32;6;4820,000000000000000;0,482000000000000;fd;StdTime;15-04-77 00:00:00;20,661825726141089
BE10;7;209,000000000000000;0,020900000000000;fd;StdTime;15-04-77 00:00:00;10,722488038277513
BE21;8;3691,000000000000000;0,369100000000000;fd;StdTime;15-04-77 00:00:00;13,352749932267699
BE33;9;4898,000000000000000;0,489800000000000;fd;StdTime;15-04-77 00:00:00;18,032666394446640
BE34;10;5582,000000000000000;0,558200000000000;fd;StdTime;15-04-77 00:00:00;21,789681117878914
BE35;11;4638,000000000000000;0,463800000000000;fd;StdTime;15-04-77 00:00:00;19,461621388529554
BE22;1;3108,000000000000000;0,310800000000000;fd;StdTime;15-04-78 00:00:00;16,462033462033475
BE23;2;3843,000000000000000;0,384300000000000;fd;StdTime;15-04-78 00:00:00;12,384074941451988
BE24;3;2705,000000000000000;0,270500000000000;fd;StdTime;15-04-78 00:00:00;12,130129390018489
BE25;4;3900,000000000000000;0,390000000000000;fd;StdTime;15-04-78 00:00:00;5,943333333333337
BE31;5;1403,000000000000000;0,140300000000000;fd;StdTime;15-04-78 00:00:00;12,901639344262314
BE32;6;4820,000000000000000;0,482000000000000;fd;StdTime;15-04-78 00:00:00;19,356016597510379
BE10;7;209,000000000000000;0,020900000000000;fd;StdTime;15-04-78 00:00:00;7,717703349282298
BE21;8;3691,000000000000000;0,369100000000000;fd;StdTime;15-04-78 00:00:00;13,691411541587621
BE33;9;4898,000000000000000;0,489800000000000;fd;StdTime;15-04-78 00:00:00;18,788689260922830
BE34;10;5582,000000000000000;0,558200000000000;fd;StdTime;15-04-78 00:00:00;21,301863131494027
BE35;11;4638,000000000000000;0,463800000000000;fd;StdTime;15-04-78 00:00:00;17,194480379473902
BE22;1;3108,000000000000000;0,310800000000000;fd;StdTime;15-04-79 00:00:00;17,533140283140259
BE23;2;3843,000000000000000;0,384300000000000;fd;StdTime;15-04-79 00:00:00;14,935987509757986
BE24;3;2705,000000000000000;0,270500000000000;fd;StdTime;15-04-79 00:00:00;12,524584103512016
BE25;4;3900,000000000000000;0,390000000000000;fd;StdTime;15-04-79 00:00:00;9,500769230769217
BE31;5;1403,000000000000000;0,140300000000000;fd;StdTime;15-04-79 00:00:00;14,915181753385621
BE32;6;4820,000000000000000;0,482000000000000;fd;StdTime;15-04-79 00:00:00;27,503319502074721
BE10;7;209,000000000000000;0,020900000000000;fd;StdTime;15-04-79 00:00:00;8,105263157894742
BE21;8;3691,000000000000000;0,369100000000000;fd;StdTime;15-04-79 00:00:00;15,295041994039570
BE33;9;4898,000000000000000;0,489800000000000;fd;StdTime;15-04-79 00:00:00;23,744997958350364
BE34;10;5582,000000000000000;0,558200000000000;fd;StdTime;15-04-79 00:00:00;29,372805446076669
BE35;11;4638,000000000000000;0,463800000000000;fd;StdTime;15-04-79 00:00:00;22,185424752048306
BE22;1;3108,000000000000000;0,310800000000000;fd;StdTime;15-04-80 00:00:00;17,971042471042477
BE23;2;3843,000000000000000;0,384300000000000;fd;StdTime;15-04-80 00:00:00;10,437418683320322
BE24;3;2705,000000000000000;0,270500000000000;fd;StdTime;15-04-80 00:00:00;10,726062846580412
BE25;4;3900,000000000000000;0,390000000000000;fd;StdTime;15-04-80 00:00:00;7,431025641025633
BE31;5;1403,000000000000000;0,140300000000000;fd;StdTime;15-04-80 00:00:00;10,188168210976468
BE32;6;4820,000000000000000;0,482000000000000;fd;StdTime;15-04-80 00:00:00;19,415352697095376
BE10;7;209,000000000000000;0,020900000000000;fd;StdTime;15-04-80 00:00:00;6,095693779904308
BE21;8;3691,000000000000000;0,369100000000000;fd;StdTime;15-04-80 00:00:00;14,383364941750225
BE33;9;4898,000000000000000;0,489800000000000;fd;StdTime;15-04-80 00:00:00;19,152715394038385
BE34;10;5582,000000000000000;0,558200000000000;fd;StdTime;15-04-80 00:00:00;20,936761017556464
BE35;11;4638,000000000000000;0,463800000000000;fd;StdTime;15-04-80 00:00:00;14,983398016386360
BE22;1;3108,000000000000000;0,310800000000000;fd;StdTime;15-04-81 00:00:00;8,877734877734881
BE23;2;3843,000000000000000;0,384300000000000;fd;StdTime;15-04-81 00:00:00;5,919594067135063
BE24;3;2705,000000000000000;0,270500000000000;fd;StdTime;15-04-81 00:00:00;6,186691312384475
BE25;4;3900,000000000000000;0,390000000000000;fd;StdTime;15-04-81 00:00:00;1,886923076923075
BE31;5;1403,000000000000000;0,140300000000000;fd;StdTime;15-04-81 00:00:00;7,966500356379193
BE32;6;4820,000000000000000;0,482000000000000;fd;StdTime;15-04-81 00:00:00;14,694605809128639
BE10;7;209,000000000000000;0,020900000000000;fd;StdTime;15-04-81 00:00:00;3,703349282296649
BE21;8;3691,000000000000000;0,369100000000000;fd;StdTime;15-04-81 00:00:00;7,204822541316723
BE33;9;4898,000000000000000;0,489800000000000;fd;StdTime;15-04-81 00:00:00;12,543691302572489
BE34;10;5582,000000000000000;0,558200000000000;fd;StdTime;15-04-81 00:00:00;16,812074525259749
BE35;11;4638,000000000000000;0,463800000000000;fd;StdTime;15-04-81 00:00:00;11,763906856403617
BE22;1;3108,000000000000000;0,310800000000000;fd;StdTime;15-04-82 00:00:00;13,637709137709123
BE23;2;3843,000000000000000;0,384300000000000;fd;StdTime;15-04-82 00:00:00;9,277907884465264
BE24;3;2705,000000000000000;0,270500000000000;fd;StdTime;15-04-82 00:00:00;8,608502772643256
BE25;4;3900,000000000000000;0,390000000000000;fd;StdTime;15-04-82 00:00:00;6,549999999999998
BE31;5;1403,000000000000000;0,140300000000000;fd;StdTime;15-04-82 00:00:00;9,837491090520290
BE32;6;4820,000000000000000;0,482000000000000;fd;StdTime;15-04-82 00:00:00;19,890248962655637
BE10;7;209,000000000000000;0,020900000000000;fd;StdTime;15-04-82 00:00:00;5,583732057416267
BE21;8;3691,000000000000000;0,369100000000000;fd;StdTime;15-04-82 00:00:00;9,372798699539462
BE33;9;4898,000000000000000;0,489800000000000;fd;StdTime;15-04-82 00:00:00;18,217639853001234
BE34;10;5582,000000000000000;0,558200000000000;fd;StdTime;15-04-82 00:00:00;24,473127911142974
BE35;11;4638,000000000000000;0,463800000000000;fd;StdTime;15-04-82 00:00:00;17,900172488141415
BE22;1;3108,000000000000000;0,310800000000000;fd;StdTime;15-04-83 00:00:00;12,213642213642212
BE23;2;3843,000000000000000;0,384300000000000;fd;StdTime;15-04-83 00:00:00;7,890970595888627
BE24;3;2705,000000000000000;0,270500000000000;fd;StdTime;15-04-83 00:00:00;9,726062846580398
BE25;4;3900,000000000000000;0,390000000000000;fd;StdTime;15-04-83 00:00:00;3,662051282051280
BE31;5;1403,000000000000000;0,140300000000000;fd;StdTime;15-04-83 00:00:00;11,338560228082672
BE32;6;4820,000000000000000;0,482000000000000;fd;StdTime;15-04-83 00:00:00;17,246058091286237
BE10;7;209,000000000000000;0,020900000000000;fd;StdTime;15-04-83 00:00:00;7,282296650717702
BE21;8;3691,000000000000000;0,369100000000000;fd;StdTime;15-04-83 00:00:00;8,811975074505543
BE33;9;4898,000000000000000;0,489800000000000;fd;StdTime;15-04-83 00:00:00;13,959371171906882
BE34;10;5582,000000000000000;0,558200000000000;fd;StdTime;15-04-83 00:00:00;18,084020064493036
BE35;11;4638,000000000000000;0,463800000000000;fd;StdTime;15-04-83 00:00:00;13,229840448469178
BE22;1;3108,000000000000000;0,310800000000000;fd;StdTime;15-04-84 00:00:00;25,904761904761934
BE23;2;3843,000000000000000;0,384300000000000;fd;StdTime;15-04-84 00:00:00;19,309133489461352
BE24;3;2705,000000000000000;0,270500000000000;fd;StdTime;15-04-84 00:00:00;19,968576709796650
BE25;4;3900,000000000000000;0,390000000000000;fd;StdTime;15-04-84 00:00:00;13,414358974358953
BE31;5;1403,000000000000000;0,140300000000000;fd;StdTime;15-04-84 00:00:00;22,012829650748390
BE32;6;4820,000000000000000;0,482000000000000;fd;StdTime;15-04-84 00:00:00;31,162033195020772
BE10;7;209,000000000000000;0,020900000000000;fd;StdTime;15-04-84 00:00:00;15,712918660287084
BE21;8;3691,000000000000000;0,369100000000000;fd;StdTime;15-04-84 00:00:00;20,717420753183422
BE33;9;4898,000000000000000;0,489800000000000;fd;StdTime;15-04-84 00:00:00;29,020416496529197
BE34;10;5582,000000000000000;0,558200000000000;fd;StdTime;15-04-84 00:00:00;33,236116087423866
BE35;11;4638,000000000000000;0,463800000000000;fd;StdTime;15-04-84 00:00:00;29,827511858559724
BE22;1;3108,000000000000000;0,310800000000000;fd;StdTime;15-04-85 00:00:00;20,698841698841690
BE23;2;3843,000000000000000;0,384300000000000;fd;StdTime;15-04-85 00:00:00;12,747332812906590
BE24;3;2705,000000000000000;0,270500000000000;fd;StdTime;15-04-85 00:00:00;15,138262476894642
BE25;4;3900,000000000000000;0,390000000000000;fd;StdTime;15-04-85 00:00:00;12,657692307692287
BE31;5;1403,000000000000000;0,140300000000000;fd;StdTime;15-04-85 00:00:00;16,367070563079093
BE32;6;4820,000000000000000;0,482000000000000;fd;StdTime;15-04-85 00:00:00;15,804149377593371
BE10;7;209,000000000000000;0,020900000000000;fd;StdTime;15-04-85 00:00:00;13,421052631578947
BE21;8;3691,000000000000000;0,369100000000000;fd;StdTime;15-04-85 00:00:00;15,679761582227012
BE33;9;4898,000000000000000;0,489800000000000;fd;StdTime;15-04-85 00:00:00;23,113924050632928
BE34;10;5582,000000000000000;0,558200000000000;fd;StdTime;15-04-85 00:00:00;24,102113937656792
BE35;11;4638,000000000000000;0,463800000000000;fd;StdTime;15-04-85 00:00:00;22,289780077619621
BE22;1;3108,000000000000000;0,310800000000000;fd;StdTime;15-04-86 00:00:00;18,411840411840419
BE23;2;3843,000000000000000;0,384300000000000;fd;StdTime;15-04-86 00:00:00;15,072079104865976
BE24;3;2705,000000000000000;0,270500000000000;fd;StdTime;15-04-86 00:00:00;15,327911275415886
BE25;4;3900,000000000000000;0,390000000000000;fd;StdTime;15-04-86 00:00:00;14,600769230769217
BE31;5;1403,000000000000000;0,140300000000000;fd;StdTime;15-04-86 00:00:00;15,460441910192468
BE32;6;4820,000000000000000;0,482000000000000;fd;StdTime;15-04-86 00:00:00;16,720124481327780
BE10;7;209,000000000000000;0,020900000000000;fd;StdTime;15-04-86 00:00:00;16,971291866028707
BE21;8;3691,000000000000000;0,369100000000000;fd;StdTime;15-04-86 00:00:00;16,738553237604940
BE33;9;4898,000000000000000;0,489800000000000;fd;StdTime;15-04-86 00:00:00;22,698244181298506
BE34;10;5582,000000000000000;0,558200000000000;fd;StdTime;15-04-86 00:00:00;27,209423145825905
BE35;11;4638,000000000000000;0,463800000000000;fd;StdTime;15-04-86 00:00:00;21,108451918930584
BE22;1;3108,000000000000000;0,310800000000000;fd;StdTime;15-04-87 00:00:00;21,111969111969099
BE23;2;3843,000000000000000;0,384300000000000;fd;StdTime;15-04-87 00:00:00;17,111371324486100
BE24;3;2705,000000000000000;0,270500000000000;fd;StdTime;15-04-87 00:00:00;18,116820702402986
BE25;4;3900,000000000000000;0,390000000000000;fd;StdTime;15-04-87 00:00:00;15,842820512820495
BE31;5;1403,000000000000000;0,140300000000000;fd;StdTime;15-04-87 00:00:00;18,511760513186001
BE32;6;4820,000000000000000;0,482000000000000;fd;StdTime;15-04-87 00:00:00;18,035477178423260
BE10;7;209,000000000000000;0,020900000000000;fd;StdTime;15-04-87 00:00:00;18,000000000000000
BE21;8;3691,000000000000000;0,369100000000000;fd;StdTime;15-04-87 00:00:00;18,850988891899291
BE33;9;4898,000000000000000;0,489800000000000;fd;StdTime;15-04-87 00:00:00;23,946917109024085
BE34;10;5582,000000000000000;0,558200000000000;fd;StdTime;15-04-87 00:00:00;27,331601576495892
BE35;11;4638,000000000000000;0,463800000000000;fd;StdTime;15-04-87 00:00:00;22,630659767140990
BE22;1;3108,000000000000000;0,310800000000000;fd;StdTime;15-04-88 00:00:00;14,701093951093942
BE23;2;3843,000000000000000;0,384300000000000;fd;StdTime;15-04-88 00:00:00;5,494665625813157
BE24;3;2705,000000000000000;0,270500000000000;fd;StdTime;15-04-88 00:00:00;8,589279112754165
BE25;4;3900,000000000000000;0,390000000000000;fd;StdTime;15-04-88 00:00:00;3,753846153846159
BE31;5;1403,000000000000000;0,140300000000000;fd;StdTime;15-04-88 00:00:00;9,098360655737700
BE32;6;4820,000000000000000;0,482000000000000;fd;StdTime;15-04-88 00:00:00;8,573651452282155
BE10;7;209,000000000000000;0,020900000000000;fd;StdTime;15-04-88 00:00:00;6,430622009569376
BE21;8;3691,000000000000000;0,369100000000000;fd;StdTime;15-04-88 00:00:00;11,256299105933335
BE33;9;4898,000000000000000;0,489800000000000;fd;StdTime;15-04-88 00:00:00;18,799305839118016
BE34;10;5582,000000000000000;0,558200000000000;fd;StdTime;15-04-88 00:00:00;20,450555356503020
BE35;11;4638,000000000000000;0,463800000000000;fd;StdTime;15-04-88 00:00:00;15,175937904269080
BE22;1;3108,000000000000000;0,310800000000000;fd;StdTime;15-04-89 00:00:00;5,299871299871300
BE23;2;3843,000000000000000;0,384300000000000;fd;StdTime;15-04-89 00:00:00;2,816809784022894
BE24;3;2705,000000000000000;0,270500000000000;fd;StdTime;15-04-89 00:00:00;3,467652495378928
BE25;4;3900,000000000000000;0,390000000000000;fd;StdTime;15-04-89 00:00:00;1,569487179487179
BE31;5;1403,000000000000000;0,140300000000000;fd;StdTime;15-04-89 00:00:00;3,729864575908766
BE32;6;4820,000000000000000;0,482000000000000;fd;StdTime;15-04-89 00:00:00;4,216597510373443
BE10;7;209,000000000000000;0,020900000000000;fd;StdTime;15-04-89 00:00:00;3,545454545454546
BE21;8;3691,000000000000000;0,369100000000000;fd;StdTime;15-04-89 00:00:00;4,744784611216489
BE33;9;4898,000000000000000;0,489800000000000;fd;StdTime;15-04-89 00:00:00;8,394038383013465
BE34;10;5582,000000000000000;0,558200000000000;fd;StdTime;15-04-89 00:00:00;11,069867431028293
BE35;11;4638,000000000000000;0,463800000000000;fd;StdTime;15-04-89 00:00:00;7,996765847348003
BE22;1;3108,000000000000000;0,310800000000000;fd;StdTime;15-04-90 00:00:00;9,846525096525117
BE23;2;3843,000000000000000;0,384300000000000;fd;StdTime;15-04-90 00:00:00;6,978662503252657
BE24;3;2705,000000000000000;0,270500000000000;fd;StdTime;15-04-90 00:00:00;6,854343807763403
BE25;4;3900,000000000000000;0,390000000000000;fd;StdTime;15-04-90 00:00:00;3,425384615384608
BE31;5;1403,000000000000000;0,140300000000000;fd;StdTime;15-04-90 00:00:00;7,923734853884533
BE32;6;4820,000000000000000;0,482000000000000;fd;StdTime;15-04-90 00:00:00;13,347925311203351
BE10;7;209,000000000000000;0,020900000000000;fd;StdTime;15-04-90 00:00:00;5,406698564593301
BE21;8;3691,000000000000000;0,369100000000000;fd;StdTime;15-04-90 00:00:00;7,395285830398289
BE33;9;4898,000000000000000;0,489800000000000;fd;StdTime;15-04-90 00:00:00;12,474683544303804
BE34;10;5582,000000000000000;0,558200000000000;fd;StdTime;15-04-90 00:00:00;16,151558581153683
BE35;11;4638,000000000000000;0,463800000000000;fd;StdTime;15-04-90 00:00:00;14,468305304010359
BE22;1;3108,000000000000000;0,310800000000000;fd;StdTime;15-04-91 00:00:00;10,485521235521244
BE23;2;3843,000000000000000;0,384300000000000;fd;StdTime;15-04-91 00:00:00;5,797293780900348
BE24;3;2705,000000000000000;0,270500000000000;fd;StdTime;15-04-91 00:00:00;6,061737523105361
BE25;4;3900,000000000000000;0,390000000000000;fd;StdTime;15-04-91 00:00:00;2,264871794871794
BE31;5;1403,000000000000000;0,140300000000000;fd;StdTime;15-04-91 00:00:00;6,344262295081968
BE32;6;4820,000000000000000;0,482000000000000;fd;StdTime;15-04-91 00:00:00;12,542323651452257
BE10;7;209,000000000000000;0,020900000000000;fd;StdTime;15-04-91 00:00:00;4,531100478468900
BE21;8;3691,000000000000000;0,369100000000000;fd;StdTime;15-04-91 00:00:00;8,442156597128156
BE33;9;4898,000000000000000;0,489800000000000;fd;StdTime;15-04-91 00:00:00;12,801755818701510
BE34;10;5582,000000000000000;0,558200000000000;fd;StdTime;15-04-91 00:00:00;17,998029380150442
BE35;11;4638,000000000000000;0,463800000000000;fd;StdTime;15-04-91 00:00:00;15,142733937041845
BE22;1;3108,000000000000000;0,310800000000000;fd;StdTime;15-04-92 00:00:00;3,120978120978120
BE23;2;3843,000000000000000;0,384300000000000;fd;StdTime;15-04-92 00:00:00;2,442362737444705
BE24;3;2705,000000000000000;0,270500000000000;fd;StdTime;15-04-92 00:00:00;2,035859519408505
BE25;4;3900,000000000000000;0,390000000000000;fd;StdTime;15-04-92 00:00:00;0,156410256410256
BE31;5;1403,000000000000000;0,140300000000000;fd;StdTime;15-04-92 00:00:00;2,766215253029220
BE32;6;4820,000000000000000;0,482000000000000;fd;StdTime;15-04-92 00:00:00;7,673236514522808
BE10;7;209,000000000000000;0,020900000000000;fd;StdTime;15-04-92 00:00:00;2,205741626794258
BE21;8;3691,000000000000000;0,369100000000000;fd;StdTime;15-04-92 00:00:00;1,782985640747766
BE33;9;4898,000000000000000;0,489800000000000;fd;StdTime;15-04-92 00:00:00;7,738260514495706
BE34;10;5582,000000000000000;0,558200000000000;fd;StdTime;15-04-92 00:00:00;11,777319957004654
BE35;11;4638,000000000000000;0,463800000000000;fd;StdTime;15-04-92 00:00:00;6,996550237171202
BE22;1;3108,000000000000000;0,310800000000000;fd;StdTime;15-04-93 00:00:00;14,368404118404129
BE23;2;3843,000000000000000;0,384300000000000;fd;StdTime;15-04-93 00:00:00;13,468644288316392
BE24;3;2705,000000000000000;0,270500000000000;fd;StdTime;15-04-93 00:00:00;12,413678373382622
BE25;4;3900,000000000000000;0,390000000000000;fd;StdTime;15-04-93 00:00:00;9,007692307692313
BE31;5;1403,000000000000000;0,140300000000000;fd;StdTime;15-04-93 00:00:00;12,283677833214520
BE32;6;4820,000000000000000;0,482000000000000;fd;StdTime;15-04-93 00:00:00;16,130290456431528
BE10;7;209,000000000000000;0,020900000000000;fd;StdTime;15-04-93 00:00:00;11,770334928229664
BE21;8;3691,000000000000000;0,369100000000000;fd;StdTime;15-04-93 00:00:00;14,373340558114322
BE33;9;4898,000000000000000;0,489800000000000;fd;StdTime;15-04-93 00:00:00;14,277460187831723
BE34;10;5582,000000000000000;0,558200000000000;fd;StdTime;15-04-93 00:00:00;19,160336796846995
BE35;11;4638,000000000000000;0,463800000000000;fd;StdTime;15-04-93 00:00:00;16,983829236739968
BE22;1;3108,000000000000000;0,310800000000000;fd;StdTime;15-04-94 00:00:00;6,293114543114535
BE23;2;3843,000000000000000;0,384300000000000;fd;StdTime;15-04-94 00:00:00;5,730158730158728
BE24;3;2705,000000000000000;0,270500000000000;fd;StdTime;15-04-94 00:00:00;3,568207024029578
BE25;4;3900,000000000000000;0,390000000000000;fd;StdTime;15-04-94 00:00:00;2,022564102564099
BE31;5;1403,000000000000000;0,140300000000000;fd;StdTime;15-04-94 00:00:00;2,898075552387739
BE32;6;4820,000000000000000;0,482000000000000;fd;StdTime;15-04-94 00:00:00;10,693983402489609
BE10;7;209,000000000000000;0,020900000000000;fd;StdTime;15-04-94 00:00:00;2,942583732057417
BE21;8;3691,000000000000000;0,369100000000000;fd;StdTime;15-04-94 00:00:00;6,567325927932803
BE33;9;4898,000000000000000;0,489800000000000;fd;StdTime;15-04-94 00:00:00;9,160473662719463
BE34;10;5582,000000000000000;0,558200000000000;fd;StdTime;15-04-94 00:00:00;14,960229308491570
BE35;11;4638,000000000000000;0,463800000000000;fd;StdTime;15-04-94 00:00:00;9,163432514014666
BE22;1;3108,000000000000000;0,310800000000000;fd;StdTime;15-04-95 00:00:00;11,476833976833959
BE23;2;3843,000000000000000;0,384300000000000;fd;StdTime;15-04-95 00:00:00;9,886026541764231
BE24;3;2705,000000000000000;0,270500000000000;fd;StdTime;15-04-95 00:00:00;8,728280961182994
BE25;4;3900,000000000000000;0,390000000000000;fd;StdTime;15-04-95 00:00:00;4,817692307692308
BE31;5;1403,000000000000000;0,140300000000000;fd;StdTime;15-04-95 00:00:00;9,598717034925150
BE32;6;4820,000000000000000;0,482000000000000;fd;StdTime;15-04-95 00:00:00;18,301037344398292
BE10;7;209,000000000000000;0,020900000000000;fd;StdTime;15-04-95 00:00:00;7,478468899521531
BE21;8;3691,000000000000000;0,369100000000000;fd;StdTime;15-04-95 00:00:00;10,376862638851263
BE33;9;4898,000000000000000;0,489800000000000;fd;StdTime;15-04-95 00:00:00;15,504491629236446
BE34;10;5582,000000000000000;0,558200000000000;fd;StdTime;15-04-95 00:00:00;20,498566821927593
BE35;11;4638,000000000000000;0,463800000000000;fd;StdTime;15-04-95 00:00:00;17,452350150927131
BE22;1;3108,000000000000000;0,310800000000000;fd;StdTime;15-04-96 00:00:00;24,801158301158321
BE23;2;3843,000000000000000;0,384300000000000;fd;StdTime;15-04-96 00:00:00;25,625552953421796
BE24;3;2705,000000000000000;0,270500000000000;fd;StdTime;15-04-96 00:00:00;23,405914972273550
BE25;4;3900,000000000000000;0,390000000000000;fd;StdTime;15-04-96 00:00:00;16,783589743589744
BE31;5;1403,000000000000000;0,140300000000000;fd;StdTime;15-04-96 00:00:00;24,684960798289403
BE32;6;4820,000000000000000;0,482000000000000;fd;StdTime;15-04-96 00:00:00;28,857053941908717
BE10;7;209,000000000000000;0,020900000000000;fd;StdTime;15-04-96 00:00:00;21,712918660287077
BE21;8;3691,000000000000000;0,369100000000000;fd;StdTime;15-04-96 00:00:00;25,817664589542165
BE33;9;4898,000000000000000;0,489800000000000;fd;StdTime;15-04-96 00:00:00;28,163536137198875
BE34;10;5582,000000000000000;0,558200000000000;fd;StdTime;15-04-96 00:00:00;32,102830526692969
BE35;11;4638,000000000000000;0,463800000000000;fd;StdTime;15-04-96 00:00:00;30,336783096162115
BE22;1;3108,000000000000000;0,310800000000000;fd;StdTime;15-04-97 00:00:00;8,420205920205900
BE23;2;3843,000000000000000;0,384300000000000;fd;StdTime;15-04-97 00:00:00;6,407233931824086
BE24;3;2705,000000000000000;0,270500000000000;fd;StdTime;15-04-97 00:00:00;4,038447319778189
BE25;4;3900,000000000000000;0,390000000000000;fd;StdTime;15-04-97 00:00:00;2,650000000000002
BE31;5;1403,000000000000000;0,140300000000000;fd;StdTime;15-04-97 00:00:00;3,736992159657870
BE32;6;4820,000000000000000;0,482000000000000;fd;StdTime;15-04-97 00:00:00;11,008091286307058
BE10;7;209,000000000000000;0,020900000000000;fd;StdTime;15-04-97 00:00:00;2,110047846889953
BE21;8;3691,000000000000000;0,369100000000000;fd;StdTime;15-04-97 00:00:00;8,074776483337843
BE33;9;4898,000000000000000;0,489800000000000;fd;StdTime;15-04-97 00:00:00;9,405063291139223
BE34;10;5582,000000000000000;0,558200000000000;fd;StdTime;15-04-97 00:00:00;14,575420996058737
BE35;11;4638,000000000000000;0,463800000000000;fd;StdTime;15-04-97 00:00:00;11,133462699439409
BE22;1;3108,000000000000000;0,310800000000000;fd;StdTime;15-04-98 00:00:00;8,231016731016727
BE23;2;3843,000000000000000;0,384300000000000;fd;StdTime;15-04-98 00:00:00;6,580275826177462
BE24;3;2705,000000000000000;0,270500000000000;fd;StdTime;15-04-98 00:00:00;7,035859519408504
BE25;4;3900,000000000000000;0,390000000000000;fd;StdTime;15-04-98 00:00:00;3,892307692307694
BE31;5;1403,000000000000000;0,140300000000000;fd;StdTime;15-04-98 00:00:00;9,191019244476134
BE32;6;4820,000000000000000;0,482000000000000;fd;StdTime;15-04-98 00:00:00;12,129875518672199
BE10;7;209,000000000000000;0,020900000000000;fd;StdTime;15-04-98 00:00:00;6,444976076555025
BE21;8;3691,000000000000000;0,369100000000000;fd;StdTime;15-04-98 00:00:00;6,007044161473861
BE33;9;4898,000000000000000;0,489800000000000;fd;StdTime;15-04-98 00:00:00;11,604940792160070
BE34;10;5582,000000000000000;0,558200000000000;fd;StdTime;15-04-98 00:00:00;15,886062343246110
BE35;11;4638,000000000000000;0,463800000000000;fd;StdTime;15-04-98 00:00:00;13,048943510133675
BE22;1;3108,000000000000000;0,310800000000000;fd;StdTime;15-04-99 00:00:00;4,916988416988412
BE23;2;3843,000000000000000;0,384300000000000;fd;StdTime;15-04-99 00:00:00;2,486078584439241
BE24;3;2705,000000000000000;0,270500000000000;fd;StdTime;15-04-99 00:00:00;2,824029574861368
BE25;4;3900,000000000000000;0,390000000000000;fd;StdTime;15-04-99 00:00:00;1,257948717948718
BE31;5;1403,000000000000000;0,140300000000000;fd;StdTime;15-04-99 00:00:00;2,347826086956523
BE32;6;4820,000000000000000;0,482000000000000;fd;StdTime;15-04-99 00:00:00;3,250207468879663
BE10;7;209,000000000000000;0,020900000000000;fd;StdTime;15-04-99 00:00:00;1,928229665071770
BE21;8;3691,000000000000000;0,369100000000000;fd;StdTime;15-04-99 00:00:00;6,699810349498782
BE33;9;4898,000000000000000;0,489800000000000;fd;StdTime;15-04-99 00:00:00;5,726623111474067
BE34;10;5582,000000000000000;0,558200000000000;fd;StdTime;15-04-99 00:00:00;9,215155858115420
BE35;11;4638,000000000000000;0,463800000000000;fd;StdTime;15-04-99 00:00:00;6,963777490297545
BE22;1;3108,000000000000000;0,310800000000000;fd;StdTime;15-04-00 00:00:00;7,820785070785069
BE23;2;3843,000000000000000;0,384300000000000;fd;StdTime;15-04-00 00:00:00;3,945355191256827
BE24;3;2705,000000000000000;0,270500000000000;fd;StdTime;15-04-00 00:00:00;3,893160813308692
BE25;4;3900,000000000000000;0,390000000000000;fd;StdTime;15-04-00 00:00:00;1,327435897435899
BE31;5;1403,000000000000000;0,140300000000000;fd;StdTime;15-04-00 00:00:00;4,690662865288667
BE32;6;4820,000000000000000;0,482000000000000;fd;StdTime;15-04-00 00:00:00;7,803941908713693
BE10;7;209,000000000000000;0,020900000000000;fd;StdTime;15-04-00 00:00:00;2,282296650717703
BE21;8;3691,000000000000000;0,369100000000000;fd;StdTime;15-04-00 00:00:00;5,639393118396100
BE33;9;4898,000000000000000;0,489800000000000;fd;StdTime;15-04-00 00:00:00;8,672315230706420
BE34;10;5582,000000000000000;0,558200000000000;fd;StdTime;15-04-00 00:00:00;12,028305266929429
BE35;11;4638,000000000000000;0,463800000000000;fd;StdTime;15-04-00 00:00:00;9,326433807675709
BE22;1;3108,000000000000000;0,310800000000000;fd;StdTime;15-04-01 00:00:00;10,474903474903483
BE23;2;3843,000000000000000;0,384300000000000;fd;StdTime;15-04-01 00:00:00;8,812125943273493
BE24;3;2705,000000000000000;0,270500000000000;fd;StdTime;15-04-01 00:00:00;7,997781885397408
BE25;4;3900,000000000000000;0,390000000000000;fd;StdTime;15-04-01 00:00:00;4,797948717948714
BE31;5;1403,000000000000000;0,140300000000000;fd;StdTime;15-04-01 00:00:00;8,417676407697801
BE32;6;4820,000000000000000;0,482000000000000;fd;StdTime;15-04-01 00:00:00;13,437344398340239
BE10;7;209,000000000000000;0,020900000000000;fd;StdTime;15-04-01 00:00:00;5,100478468899523
BE21;8;3691,000000000000000;0,369100000000000;fd;StdTime;15-04-01 00:00:00;9,937686263885130
BE33;9;4898,000000000000000;0,489800000000000;fd;StdTime;15-04-01 00:00:00;14,077786851776214
BE34;10;5582,000000000000000;0,558200000000000;fd;StdTime;15-04-01 00:00:00;16,678788964528867
BE35;11;4638,000000000000000;0,463800000000000;fd;StdTime;15-04-01 00:00:00;12,760241483398014
BE22;1;3108,000000000000000;0,310800000000000;fd;StdTime;15-04-02 00:00:00;9,672779922779933
BE23;2;3843,000000000000000;0,384300000000000;fd;StdTime;15-04-02 00:00:00;3,575852198803017
BE24;3;2705,000000000000000;0,270500000000000;fd;StdTime;15-04-02 00:00:00;4,126432532347510
BE25;4;3900,000000000000000;0,390000000000000;fd;StdTime;15-04-02 00:00:00;1,154102564102564
BE31;5;1403,000000000000000;0,140300000000000;fd;StdTime;15-04-02 00:00:00;4,158232359230220
BE32;6;4820,000000000000000;0,482000000000000;fd;StdTime;15-04-02 00:00:00;7,967012448132775
BE10;7;209,000000000000000;0,020900000000000;fd;StdTime;15-04-02 00:00:00;2,315789473684212
BE21;8;3691,000000000000000;0,369100000000000;fd;StdTime;15-04-02 00:00:00;7,933080465998345
BE33;9;4898,000000000000000;0,489800000000000;fd;StdTime;15-04-02 00:00:00;8,960391996733373
BE34;10;5582,000000000000000;0,558200000000000;fd;StdTime;15-04-02 00:00:00;13,693837334288769
BE35;11;4638,000000000000000;0,463800000000000;fd;StdTime;15-04-02 00:00:00;12,810047434238909
BE22;1;3108,000000000000000;0,310800000000000;fd;StdTime;15-04-03 00:00:00;16,664736164736176
BE23;2;3843,000000000000000;0,384300000000000;fd;StdTime;15-04-03 00:00:00;11,793390580275830
BE24;3;2705,000000000000000;0,270500000000000;fd;StdTime;15-04-03 00:00:00;10,475046210720892
BE25;4;3900,000000000000000;0,390000000000000;fd;StdTime;15-04-03 00:00:00;5,754102564102574
BE31;5;1403,000000000000000;0,140300000000000;fd;StdTime;15-04-03 00:00:00;9,727726300784044
BE32;6;4820,000000000000000;0,482000000000000;fd;StdTime;15-04-03 00:00:00;14,948962655601658
BE10;7;209,000000000000000;0,020900000000000;fd;StdTime;15-04-03 00:00:00;6,473684210526317
BE21;8;3691,000000000000000;0,369100000000000;fd;StdTime;15-04-03 00:00:00;15,754808994852352
BE33;9;4898,000000000000000;0,489800000000000;fd;StdTime;15-04-03 00:00:00;15,818089015924869
BE34;10;5582,000000000000000;0,558200000000000;fd;StdTime;15-04-03 00:00:00;19,708885704048708
BE35;11;4638,000000000000000;0,463800000000000;fd;StdTime;15-04-03 00:00:00;16,257438551099639
BE22;1;3108,000000000000000;0,310800000000000;fd;StdTime;15-04-04 00:00:00;15,202702702702734
BE23;2;3843,000000000000000;0,384300000000000;fd;StdTime;15-04-04 00:00:00;12,272703616965911
BE24;3;2705,000000000000000;0,270500000000000;fd;StdTime;15-04-04 00:00:00;12,162661737523093
BE25;4;3900,000000000000000;0,390000000000000;fd;StdTime;15-04-04 00:00:00;6,550769230769222
BE31;5;1403,000000000000000;0,140300000000000;fd;StdTime;15-04-04 00:00:00;12,725588025659309
BE32;6;4820,000000000000000;0,482000000000000;fd;StdTime;15-04-04 00:00:00;17,267842323651443
BE10;7;209,000000000000000;0,020900000000000;fd;StdTime;15-04-04 00:00:00;11,205741626794257
BE21;8;3691,000000000000000;0,369100000000000;fd;StdTime;15-04-04 00:00:00;14,205364399891648
BE33;9;4898,000000000000000;0,489800000000000;fd;StdTime;15-04-04 00:00:00;15,853817884850937
BE34;10;5582,000000000000000;0,558200000000000;fd;StdTime;15-04-04 00:00:00;20,147259046936583
BE35;11;4638,000000000000000;0,463800000000000;fd;StdTime;15-04-04 00:00:00;17,662138852953838
BE22;1;3108,000000000000000;0,310800000000000;fd;StdTime;15-04-05 00:00:00;9,497104247104261
BE23;2;3843,000000000000000;0,384300000000000;fd;StdTime;15-04-05 00:00:00;9,045537340619321
BE24;3;2705,000000000000000;0,270500000000000;fd;StdTime;15-04-05 00:00:00;8,625138632162660
BE25;4;3900,000000000000000;0,390000000000000;fd;StdTime;15-04-05 00:00:00;7,470256410256400
BE31;5;1403,000000000000000;0,140300000000000;fd;StdTime;15-04-05 00:00:00;8,803991446899504
BE32;6;4820,000000000000000;0,482000000000000;fd;StdTime;15-04-05 00:00:00;11,579460580912881
BE10;7;209,000000000000000;0,020900000000000;fd;StdTime;15-04-05 00:00:00;7,885167464114832
BE21;8;3691,000000000000000;0,369100000000000;fd;StdTime;15-04-05 00:00:00;9,965321051205633
BE33;9;4898,000000000000000;0,489800000000000;fd;StdTime;15-04-05 00:00:00;11,146386280114301
BE34;10;5582,000000000000000;0,558200000000000;fd;StdTime;15-04-05 00:00:00;15,507165890361911
BE35;11;4638,000000000000000;0,463800000000000;fd;StdTime;15-04-05 00:00:00;11,419361793876671
BE22;1;3108,000000000000000;0,310800000000000;fd;StdTime;15-04-06 00:00:00;23,333011583011604
BE23;2;3843,000000000000000;0,384300000000000;fd;StdTime;15-04-06 00:00:00;20,289617486338724
BE24;3;2705,000000000000000;0,270500000000000;fd;StdTime;15-04-06 00:00:00;20,774491682070241
BE25;4;3900,000000000000000;0,390000000000000;fd;StdTime;15-04-06 00:00:00;18,418205128205152
BE31;5;1403,000000000000000;0,140300000000000;fd;StdTime;15-04-06 00:00:00;21,298645759087645
BE32;6;4820,000000000000000;0,482000000000000;fd;StdTime;15-04-06 00:00:00;23,694813278008322
BE10;7;209,000000000000000;0,020900000000000;fd;StdTime;15-04-06 00:00:00;20,095693779904305
BE21;8;3691,000000000000000;0,369100000000000;fd;StdTime;15-04-06 00:00:00;21,748848550528351
BE33;9;4898,000000000000000;0,489800000000000;fd;StdTime;15-04-06 00:00:00;26,309309922417302
BE34;10;5582,000000000000000;0,558200000000000;fd;StdTime;15-04-06 00:00:00;28,320673593694064
BE35;11;4638,000000000000000;0,463800000000000;fd;StdTime;15-04-06 00:00:00;25,468736524363948
BE22;1;3108,000000000000000;0,310800000000000;fd;StdTime;15-04-07 00:00:00;5,397039897039898
BE23;2;3843,000000000000000;0,384300000000000;fd;StdTime;15-04-07 00:00:00;1,586781160551648
BE24;3;2705,000000000000000;0,270500000000000;fd;StdTime;15-04-07 00:00:00;1,461737523105359
BE25;4;3900,000000000000000;0,390000000000000;fd;StdTime;15-04-07 00:00:00;0,352564102564103
BE31;5;1403,000000000000000;0,140300000000000;fd;StdTime;15-04-07 00:00:00;1,375623663578046
BE32;6;4820,000000000000000;0,482000000000000;fd;StdTime;15-04-07 00:00:00;2,568879668049791
BE10;7;209,000000000000000;0,020900000000000;fd;StdTime;15-04-07 00:00:00;1,000000000000000
BE21;8;3691,000000000000000;0,369100000000000;fd;StdTime;15-04-07 00:00:00;4,532917908425913
BE33;9;4898,000000000000000;0,489800000000000;fd;StdTime;15-04-07 00:00:00;7,753164556962005
BE34;10;5582,000000000000000;0,558200000000000;fd;StdTime;15-04-07 00:00:00;11,082228591902545
BE35;11;4638,000000000000000;0,463800000000000;fd;StdTime;15-04-07 00:00:00;6,253773178094013
BE22;1;3108,000000000000000;0,310800000000000;fd;StdTime;15-04-08 00:00:00;13,316602316602314
BE23;2;3843,000000000000000;0,384300000000000;fd;StdTime;15-04-08 00:00:00;6,610460577673699
BE24;3;2705,000000000000000;0,270500000000000;fd;StdTime;15-04-08 00:00:00;8,683918669131236
BE25;4;3900,000000000000000;0,390000000000000;fd;StdTime;15-04-08 00:00:00;4,914358974358981
BE31;5;1403,000000000000000;0,140300000000000;fd;StdTime;15-04-08 00:00:00;9,032786885245905
BE32;6;4820,000000000000000;0,482000000000000;fd;StdTime;15-04-08 00:00:00;9,146680497925312
BE10;7;209,000000000000000;0,020900000000000;fd;StdTime;15-04-08 00:00:00;8,421052631578947
BE21;8;3691,000000000000000;0,369100000000000;fd;StdTime;15-04-08 00:00:00;10,866702790571679
BE33;9;4898,000000000000000;0,489800000000000;fd;StdTime;15-04-08 00:00:00;16,757656186198464
BE34;10;5582,000000000000000;0,558200000000000;fd;StdTime;15-04-08 00:00:00;18,596381225367253
BE35;11;4638,000000000000000;0,463800000000000;fd;StdTime;15-04-08 00:00:00;13,514661492022434
BE22;1;3108,000000000000000;0,310800000000000;fd;StdTime;15-04-09 00:00:00;8,437258687258685
BE23;2;3843,000000000000000;0,384300000000000;fd;StdTime;15-04-09 00:00:00;5,262815508717138
BE24;3;2705,000000000000000;0,270500000000000;fd;StdTime;15-04-09 00:00:00;4,321626617375228
BE25;4;3900,000000000000000;0,390000000000000;fd;StdTime;15-04-09 00:00:00;3,472564102564104
BE31;5;1403,000000000000000;0,140300000000000;fd;StdTime;15-04-09 00:00:00;3,689237348538845
BE32;6;4820,000000000000000;0,482000000000000;fd;StdTime;15-04-09 00:00:00;5,588381742738584
BE10;7;209,000000000000000;0,020900000000000;fd;StdTime;15-04-09 00:00:00;3,655502392344496
BE21;8;3691,000000000000000;0,369100000000000;fd;StdTime;15-04-09 00:00:00;8,753183419127611
BE33;9;4898,000000000000000;0,489800000000000;fd;StdTime;15-04-09 00:00:00;11,030012249897920
BE34;10;5582,000000000000000;0,558200000000000;fd;StdTime;15-04-09 00:00:00;13,664815478323188
BE35;11;4638,000000000000000;0,463800000000000;fd;StdTime;15-04-09 00:00:00;8,812419146183704
BE22;1;3108,000000000000000;0,310800000000000;fd;StdTime;15-04-10 00:00:00;15,303410553410544
BE23;2;3843,000000000000000;0,384300000000000;fd;StdTime;15-04-10 00:00:00;10,632318501170950
BE24;3;2705,000000000000000;0,270500000000000;fd;StdTime;15-04-10 00:00:00;11,618484288354887
BE25;4;3900,000000000000000;0,390000000000000;fd;StdTime;15-04-10 00:00:00;8,407948717948711
BE31;5;1403,000000000000000;0,140300000000000;fd;StdTime;15-04-10 00:00:00;11,196008553100507
BE32;6;4820,000000000000000;0,482000000000000;fd;StdTime;15-04-10 00:00:00;11,378423236514511
BE10;7;209,000000000000000;0,020900000000000;fd;StdTime;15-04-10 00:00:00;11,019138755980862
BE21;8;3691,000000000000000;0,369100000000000;fd;StdTime;15-04-10 00:00:00;13,735302086155565
BE33;9;4898,000000000000000;0,489800000000000;fd;StdTime;15-04-10 00:00:00;18,731318905675817
BE34;10;5582,000000000000000;0,558200000000000;fd;StdTime;15-04-10 00:00:00;20,664278036546008
BE35;11;4638,000000000000000;0,463800000000000;fd;StdTime;15-04-10 00:00:00;15,545924967658506
BE22;1;3108,000000000000000;0,310800000000000;fd;StdTime;15-04-11 00:00:00;12,761583011583024
BE23;2;3843,000000000000000;0,384300000000000;fd;StdTime;15-04-11 00:00:00;8,557116835805370
BE24;3;2705,000000000000000;0,270500000000000;fd;StdTime;15-04-11 00:00:00;8,342329020332711
BE25;4;3900,000000000000000;0,390000000000000;fd;StdTime;15-04-11 00:00:00;7,109743589743597
BE31;5;1403,000000000000000;0,140300000000000;fd;StdTime;15-04-11 00:00:00;7,519600855310051
BE32;6;4820,000000000000000;0,482000000000000;fd;StdTime;15-04-11 00:00:00;8,569294605809121
BE10;7;209,000000000000000;0,020900000000000;fd;StdTime;15-04-11 00:00:00;7,808612440191385
BE21;8;3691,000000000000000;0,369100000000000;fd;StdTime;15-04-11 00:00:00;11,825521538878377
BE33;9;4898,000000000000000;0,489800000000000;fd;StdTime;15-04-11 00:00:00;12,878930175581889
BE34;10;5582,000000000000000;0,558200000000000;fd;StdTime;15-04-11 00:00:00;12,164636331064143
BE35;11;4638,000000000000000;0,463800000000000;fd;StdTime;15-04-11 00:00:00;10,864381198792588
BE22;1;3108,000000000000000;0,310800000000000;fd;StdTime;15-04-12 00:00:00;8,754182754182754
BE23;2;3843,000000000000000;0,384300000000000;fd;StdTime;15-04-12 00:00:00;4,956284153005450
BE24;3;2705,000000000000000;0,270500000000000;fd;StdTime;15-04-12 00:00:00;10,014417744916829
BE25;4;3900,000000000000000;0,390000000000000;fd;StdTime;15-04-12 00:00:00;0,830000000000000
BE31;5;1403,000000000000000;0,140300000000000;fd;StdTime;15-04-12 00:00:00;10,642195295794737
BE32;6;4820,000000000000000;0,482000000000000;fd;StdTime;15-04-12 00:00:00;7,487966804979249
BE10;7;209,000000000000000;0,020900000000000;fd;StdTime;15-04-12 00:00:00;9,832535885167465
BE21;8;3691,000000000000000;0,369100000000000;fd;StdTime;15-04-12 00:00:00;11,754808994852322
BE33;9;4898,000000000000000;0,489800000000000;fd;StdTime;15-04-12 00:00:00;12,418742343813854
BE34;10;5582,000000000000000;0,558200000000000;fd;StdTime;15-04-12 00:00:00;17,383912576137636
BE35;11;4638,000000000000000;0,463800000000000;fd;StdTime;15-04-12 00:00:00;12,814144027598118
BE22;1;3108,000000000000000;0,310800000000000;fd;StdTime;15-04-13 00:00:00;26,025740025740003
BE23;2;3843,000000000000000;0,384300000000000;fd;StdTime;15-04-13 00:00:00;22,970595888628655
BE24;3;2705,000000000000000;0,270500000000000;fd;StdTime;15-04-13 00:00:00;27,140480591497230
BE25;4;3900,000000000000000;0,390000000000000;fd;StdTime;15-04-13 00:00:00;16,767692307692315
BE31;5;1403,000000000000000;0,140300000000000;fd;StdTime;15-04-13 00:00:00;28,049180327868836
BE32;6;4820,000000000000000;0,482000000000000;fd;StdTime;15-04-13 00:00:00;24,009543568464736
BE10;7;209,000000000000000;0,020900000000000;fd;StdTime;15-04-13 00:00:00;27,330143540669845
BE21;8;3691,000000000000000;0,369100000000000;fd;StdTime;15-04-13 00:00:00;28,228122460037941
BE33;9;4898,000000000000000;0,489800000000000;fd;StdTime;15-04-13 00:00:00;31,550428746427098
BE34;10;5582,000000000000000;0,558200000000000;fd;StdTime;15-04-13 00:00:00;33,612504478681458
BE35;11;4638,000000000000000;0,463800000000000;fd;StdTime;15-04-13 00:00:00;30,397369555843014
BE22;1;3108,000000000000000;0,310800000000000;fd;StdTime;15-04-14 00:00:00;9,294079794079803
BE23;2;3843,000000000000000;0,384300000000000;fd;StdTime;15-04-14 00:00:00;3,990372105126204
BE24;3;2705,000000000000000;0,270500000000000;fd;StdTime;15-04-14 00:00:00;9,360443622920506
BE25;4;3900,000000000000000;0,390000000000000;fd;StdTime;15-04-14 00:00:00;0,367435897435898
BE31;5;1403,000000000000000;0,140300000000000;fd;StdTime;15-04-14 00:00:00;9,856735566642936
BE32;6;4820,000000000000000;0,482000000000000;fd;StdTime;15-04-14 00:00:00;5,936099585062235
BE10;7;209,000000000000000;0,020900000000000;fd;StdTime;15-04-14 00:00:00;8,818181818181817
BE21;8;3691,000000000000000;0,369100000000000;fd;StdTime;15-04-14 00:00:00;11,490923868870201
BE33;9;4898,000000000000000;0,489800000000000;fd;StdTime;15-04-14 00:00:00;11,542262147815446
BE34;10;5582,000000000000000;0,558200000000000;fd;StdTime;15-04-14 00:00:00;15,816553206735978
BE35;11;4638,000000000000000;0,463800000000000;fd;StdTime;15-04-14 00:00:00;11,702889176369126
BE22;1;3108,000000000000000;0,310800000000000;fd;StdTime;15-04-15 00:00:00;13,289897039897030
BE23;2;3843,000000000000000;0,384300000000000;fd;StdTime;15-04-15 00:00:00;8,397085610200357
BE24;3;2705,000000000000000;0,270500000000000;fd;StdTime;15-04-15 00:00:00;16,100554528650676
BE25;4;3900,000000000000000;0,390000000000000;fd;StdTime;15-04-15 00:00:00;2,005128205128204
BE31;5;1403,000000000000000;0,140300000000000;fd;StdTime;15-04-15 00:00:00;16,375623663578050
BE32;6;4820,000000000000000;0,482000000000000;fd;StdTime;15-04-15 00:00:00;11,528630705394173
BE10;7;209,000000000000000;0,020900000000000;fd;StdTime;15-04-15 00:00:00;15,703349282296655
BE21;8;3691,000000000000000;0,369100000000000;fd;StdTime;15-04-15 00:00:00;18,710376591709601
BE33;9;4898,000000000000000;0,489800000000000;fd;StdTime;15-04-15 00:00:00;19,073907717435667
BE34;10;5582,000000000000000;0,558200000000000;fd;StdTime;15-04-15 00:00:00;25,699211752060258
BE35;11;4638,000000000000000;0,463800000000000;fd;StdTime;15-04-15 00:00:00;18,906640793445472
BE22;1;3108,000000000000000;0,310800000000000;fd;StdTime;15-04-16 00:00:00;17,627734877734859
BE23;2;3843,000000000000000;0,384300000000000;fd;StdTime;15-04-16 00:00:00;10,612021857923501
BE24;3;2705,000000000000000;0,270500000000000;fd;StdTime;15-04-16 00:00:00;17,935304990757860
BE25;4;3900,000000000000000;0,390000000000000;fd;StdTime;15-04-16 00:00:00;2,936666666666672
BE31;5;1403,000000000000000;0,140300000000000;fd;StdTime;15-04-16 00:00:00;19,986457590876679
BE32;6;4820,000000000000000;0,482000000000000;fd;StdTime;15-04-16 00:00:00;13,827593360995843
BE10;7;209,000000000000000;0,020900000000000;fd;StdTime;15-04-16 00:00:00;17,655502392344506
BE21;8;3691,000000000000000;0,369100000000000;fd;StdTime;15-04-16 00:00:00;19,483066919534057
BE33;9;4898,000000000000000;0,489800000000000;fd;StdTime;15-04-16 00:00:00;22,901184156798770
BE34;10;5582,000000000000000;0,558200000000000;fd;StdTime;15-04-16 00:00:00;28,872984593335715
BE35;11;4638,000000000000000;0,463800000000000;fd;StdTime;15-04-16 00:00:00;21,921517895644655
BE22;1;3108,000000000000000;0,310800000000000;fd;StdTime;15-04-17 00:00:00;9,870012870012884
BE23;2;3843,000000000000000;0,384300000000000;fd;StdTime;15-04-17 00:00:00;3,114754098360654
BE24;3;2705,000000000000000;0,270500000000000;fd;StdTime;15-04-17 00:00:00;10,234750462107202
BE25;4;3900,000000000000000;0,390000000000000;fd;StdTime;15-04-17 00:00:00;0,390512820512821
BE31;5;1403,000000000000000;0,140300000000000;fd;StdTime;15-04-17 00:00:00;11,069137562366384
BE32;6;4820,000000000000000;0,482000000000000;fd;StdTime;15-04-17 00:00:00;6,650622406639012
BE10;7;209,000000000000000;0,020900000000000;fd;StdTime;15-04-17 00:00:00;9,315789473684211
BE21;8;3691,000000000000000;0,369100000000000;fd;StdTime;15-04-17 00:00:00;11,984827959902470
BE33;9;4898,000000000000000;0,489800000000000;fd;StdTime;15-04-17 00:00:00;15,126990608411560
BE34;10;5582,000000000000000;0,558200000000000;fd;StdTime;15-04-17 00:00:00;22,842350412038673
BE35;11;4638,000000000000000;0,463800000000000;fd;StdTime;15-04-17 00:00:00;15,581716257007336
BE22;1;3108,000000000000000;0,310800000000000;fd;StdTime;15-04-18 00:00:00;11,303410553410544
BE23;2;3843,000000000000000;0,384300000000000;fd;StdTime;15-04-18 00:00:00;8,621389539422337
BE24;3;2705,000000000000000;0,270500000000000;fd;StdTime;15-04-18 00:00:00;10,437707948243993
BE25;4;3900,000000000000000;0,390000000000000;fd;StdTime;15-04-18 00:00:00;7,267179487179495
BE31;5;1403,000000000000000;0,140300000000000;fd;StdTime;15-04-18 00:00:00;10,758374910905198
BE32;6;4820,000000000000000;0,482000000000000;fd;StdTime;15-04-18 00:00:00;8,986514522821594
BE10;7;209,000000000000000;0,020900000000000;fd;StdTime;15-04-18 00:00:00;10,000000000000000
BE21;8;3691,000000000000000;0,369100000000000;fd;StdTime;15-04-18 00:00:00;11,865077214846895
BE33;9;4898,000000000000000;0,489800000000000;fd;StdTime;15-04-18 00:00:00;13,759697835851405
BE34;10;5582,000000000000000;0,558200000000000;fd;StdTime;15-04-18 00:00:00;17,754568255105685
BE35;11;4638,000000000000000;0,463800000000000;fd;StdTime;15-04-18 00:00:00;12,250107805088412
BE22;1;3108,000000000000000;0,310800000000000;fd;StdTime;15-04-19 00:00:00;7,056306306306310
BE23;2;3843,000000000000000;0,384300000000000;fd;StdTime;15-04-19 00:00:00;4,207650273224044
BE24;3;2705,000000000000000;0,270500000000000;fd;StdTime;15-04-19 00:00:00;7,448059149722735
BE25;4;3900,000000000000000;0,390000000000000;fd;StdTime;15-04-19 00:00:00;1,248974358974358
BE31;5;1403,000000000000000;0,140300000000000;fd;StdTime;15-04-19 00:00:00;8,369921596578761
BE32;6;4820,000000000000000;0,482000000000000;fd;StdTime;15-04-19 00:00:00;6,519087136929467
BE10;7;209,000000000000000;0,020900000000000;fd;StdTime;15-04-19 00:00:00;7,832535885167463
BE21;8;3691,000000000000000;0,369100000000000;fd;StdTime;15-04-19 00:00:00;8,343538336494166
BE33;9;4898,000000000000000;0,489800000000000;fd;StdTime;15-04-19 00:00:00;13,809514087382592
BE34;10;5582,000000000000000;0,558200000000000;fd;StdTime;15-04-19 00:00:00;18,580974561089196
BE35;11;4638,000000000000000;0,463800000000000;fd;StdTime;15-04-19 00:00:00;12,459680896938323
BE22;1;3108,000000000000000;0,310800000000000;fd;StdTime;15-04-20 00:00:00;11,201415701415714
BE23;2;3843,000000000000000;0,384300000000000;fd;StdTime;15-04-20 00:00:00;6,432214415820975
BE24;3;2705,000000000000000;0,270500000000000;fd;StdTime;15-04-20 00:00:00;12,139741219963037
BE25;4;3900,000000000000000;0,390000000000000;fd;StdTime;15-04-20 00:00:00;2,239487179487181
BE31;5;1403,000000000000000;0,140300000000000;fd;StdTime;15-04-20 00:00:00;13,410548823948677
BE32;6;4820,000000000000000;0,482000000000000;fd;StdTime;15-04-20 00:00:00;10,148547717842307
BE10;7;209,000000000000000;0,020900000000000;fd;StdTime;15-04-20 00:00:00;11,736842105263156
BE21;8;3691,000000000000000;0,369100000000000;fd;StdTime;15-04-20 00:00:00;12,609590896775959
BE33;9;4898,000000000000000;0,489800000000000;fd;StdTime;15-04-20 00:00:00;18,818905675786024
BE34;10;5582,000000000000000;0,558200000000000;fd;StdTime;15-04-20 00:00:00;20,970798996775336
BE35;11;4638,000000000000000;0,463800000000000;fd;StdTime;15-04-20 00:00:00;16,262397585166038
BE22;1;3108,000000000000000;0,310800000000000;fd;StdTime;15-04-21 00:00:00;19,072072072072096
BE23;2;3843,000000000000000;0,384300000000000;fd;StdTime;15-04-21 00:00:00;12,449388498568817
BE24;3;2705,000000000000000;0,270500000000000;fd;StdTime;15-04-21 00:00:00;16,872088724584085
BE25;4;3900,000000000000000;0,390000000000000;fd;StdTime;15-04-21 00:00:00;10,007435897435897
BE31;5;1403,000000000000000;0,140300000000000;fd;StdTime;15-04-21 00:00:00;19,822523164647187
BE32;6;4820,000000000000000;0,482000000000000;fd;StdTime;15-04-21 00:00:00;17,193153526970995
BE10;7;209,000000000000000;0,020900000000000;fd;StdTime;15-04-21 00:00:00;17,344497607655494
BE21;8;3691,000000000000000;0,369100000000000;fd;StdTime;15-04-21 00:00:00;15,482795990246508
BE33;9;4898,000000000000000;0,489800000000000;fd;StdTime;15-04-21 00:00:00;29,243772968558638
BE34;10;5582,000000000000000;0,558200000000000;fd;StdTime;15-04-21 00:00:00;36,031709064851334
BE35;11;4638,000000000000000;0,463800000000000;fd;StdTime;15-04-21 00:00:00;25,966580422595939
BE22;1;3108,000000000000000;0,310800000000000;fd;StdTime;15-04-22 00:00:00;15,015122265122258
BE23;2;3843,000000000000000;0,384300000000000;fd;StdTime;15-04-22 00:00:00;11,782982045277130
BE24;3;2705,000000000000000;0,270500000000000;fd;StdTime;15-04-22 00:00:00;14,888354898336415
BE25;4;3900,000000000000000;0,390000000000000;fd;StdTime;15-04-22 00:00:00;6,427692307692315
BE31;5;1403,000000000000000;0,140300000000000;fd;StdTime;15-04-22 00:00:00;15,984319315751970
BE32;6;4820,000000000000000;0,482000000000000;fd;StdTime;15-04-22 00:00:00;12,482157676348571
BE10;7;209,000000000000000;0,020900000000000;fd;StdTime;15-04-22 00:00:00;15,282296650717704
BE21;8;3691,000000000000000;0,369100000000000;fd;StdTime;15-04-22 00:00:00;13,902736385803310
BE33;9;4898,000000000000000;0,489800000000000;fd;StdTime;15-04-22 00:00:00;20,077582686810956
BE34;10;5582,000000000000000;0,558200000000000;fd;StdTime;15-04-22 00:00:00;22,748298101039087
BE35;11;4638,000000000000000;0,463800000000000;fd;StdTime;15-04-22 00:00:00;18,809184993531716
BE22;1;3108,000000000000000;0,310800000000000;fd;StdTime;15-04-23 00:00:00;11,490025740025724
BE23;2;3843,000000000000000;0,384300000000000;fd;StdTime;15-04-23 00:00:00;9,068436117616447
BE24;3;2705,000000000000000;0,270500000000000;fd;StdTime;15-04-23 00:00:00;10,424029574861374
BE25;4;3900,000000000000000;0,390000000000000;fd;StdTime;15-04-23 00:00:00;6,303589743589741
BE31;5;1403,000000000000000;0,140300000000000;fd;StdTime;15-04-23 00:00:00;11,435495367070569
BE32;6;4820,000000000000000;0,482000000000000;fd;StdTime;15-04-23 00:00:00;10,348547717842308
BE10;7;209,000000000000000;0,020900000000000;fd;StdTime;15-04-23 00:00:00;10,990430622009569
BE21;8;3691,000000000000000;0,369100000000000;fd;StdTime;15-04-23 00:00:00;10,883229477106457
BE33;9;4898,000000000000000;0,489800000000000;fd;StdTime;15-04-23 00:00:00;18,551449571253571
BE34;10;5582,000000000000000;0,558200000000000;fd;StdTime;15-04-23 00:00:00;22,256897169473309
BE35;11;4638,000000000000000;0,463800000000000;fd;StdTime;15-04-23 00:00:00;14,895213454075034
BE22;1;3108,000000000000000;0,310800000000000;fd;StdTime;15-04-24 00:00:00;1,585585585585586
BE23;2;3843,000000000000000;0,384300000000000;fd;StdTime;15-04-24 00:00:00;1,331772053083527
BE24;3;2705,000000000000000;0,270500000000000;fd;StdTime;15-04-24 00:00:00;1,839556377079483
BE25;4;3900,000000000000000;0,390000000000000;fd;StdTime;15-04-24 00:00:00;0,471025641025641
BE31;5;1403,000000000000000;0,140300000000000;fd;StdTime;15-04-24 00:00:00;2,396293656450465
BE32;6;4820,000000000000000;0,482000000000000;fd;StdTime;15-04-24 00:00:00;2,123236514522822
BE10;7;209,000000000000000;0,020900000000000;fd;StdTime;15-04-24 00:00:00;2,215311004784689
BE21;8;3691,000000000000000;0,369100000000000;fd;StdTime;15-04-24 00:00:00;2,091845028447582
BE33;9;4898,000000000000000;0,489800000000000;fd;StdTime;15-04-24 00:00:00;4,492854226214777
BE34;10;5582,000000000000000;0,558200000000000;fd;StdTime;15-04-24 00:00:00;4,761196703690436
BE35;11;4638,000000000000000;0,463800000000000;fd;StdTime;15-04-24 00:00:00;3,706985769728330
